backend,vector_count,vector_id,password,salt,reference_hex,candidate_hex,match
packed_ring,10,0,v4c_gpu_vector_00,v4_gpu_correct_salt,5d65f068a7f566117aecda306bcd367e5099e3cd992255e1c946ac179a942cbe,5d65f068a7f566117aecda306bcd367e5099e3cd992255e1c946ac179a942cbe,true
packed_noring,10,0,v4c_gpu_vector_00,v4_gpu_correct_salt,5d65f068a7f566117aecda306bcd367e5099e3cd992255e1c946ac179a942cbe,5d65f068a7f566117aecda306bcd367e5099e3cd992255e1c946ac179a942cbe,true
packed_prefetch,10,0,v4c_gpu_vector_00,v4_gpu_correct_salt,5d65f068a7f566117aecda306bcd367e5099e3cd992255e1c946ac179a942cbe,5d65f068a7f566117aecda306bcd367e5099e3cd992255e1c946ac179a942cbe,true
packed_ring,10,1,v4c_gpu_vector_01,v4_gpu_correct_salt,c88e6d6e3696b714eb466b965ff67fdb56160d575acb628877118fceeb8c9f71,c88e6d6e3696b714eb466b965ff67fdb56160d575acb628877118fceeb8c9f71,true
packed_noring,10,1,v4c_gpu_vector_01,v4_gpu_correct_salt,c88e6d6e3696b714eb466b965ff67fdb56160d575acb628877118fceeb8c9f71,c88e6d6e3696b714eb466b965ff67fdb56160d575acb628877118fceeb8c9f71,true
packed_prefetch,10,1,v4c_gpu_vector_01,v4_gpu_correct_salt,c88e6d6e3696b714eb466b965ff67fdb56160d575acb628877118fceeb8c9f71,c88e6d6e3696b714eb466b965ff67fdb56160d575acb628877118fceeb8c9f71,true
packed_ring,10,2,v4c_gpu_vector_02,v4_gpu_correct_salt,4659d70ed7d27ef3f017991ea2d3fff887d6110d54f681dcd1d2e0c84ede3774,4659d70ed7d27ef3f017991ea2d3fff887d6110d54f681dcd1d2e0c84ede3774,true
packed_noring,10,2,v4c_gpu_vector_02,v4_gpu_correct_salt,4659d70ed7d27ef3f017991ea2d3fff887d6110d54f681dcd1d2e0c84ede3774,4659d70ed7d27ef3f017991ea2d3fff887d6110d54f681dcd1d2e0c84ede3774,true
packed_prefetch,10,2,v4c_gpu_vector_02,v4_gpu_correct_salt,4659d70ed7d27ef3f017991ea2d3fff887d6110d54f681dcd1d2e0c84ede3774,4659d70ed7d27ef3f017991ea2d3fff887d6110d54f681dcd1d2e0c84ede3774,true
packed_ring,10,3,v4c_gpu_vector_03,v4_gpu_correct_salt,cda2e504f5f5360ac6c7fdb724ba070c57578c2423fbafaaa42ae287d7139665,cda2e504f5f5360ac6c7fdb724ba070c57578c2423fbafaaa42ae287d7139665,true
packed_noring,10,3,v4c_gpu_vector_03,v4_gpu_correct_salt,cda2e504f5f5360ac6c7fdb724ba070c57578c2423fbafaaa42ae287d7139665,cda2e504f5f5360ac6c7fdb724ba070c57578c2423fbafaaa42ae287d7139665,true
packed_prefetch,10,3,v4c_gpu_vector_03,v4_gpu_correct_salt,cda2e504f5f5360ac6c7fdb724ba070c57578c2423fbafaaa42ae287d7139665,cda2e504f5f5360ac6c7fdb724ba070c57578c2423fbafaaa42ae287d7139665,true
packed_ring,10,4,v4c_gpu_vector_04,v4_gpu_correct_salt,0dcc560439c2f035c4cc978d34622616d83f8e52e1013fefce979cdfdb6ac0bb,0dcc560439c2f035c4cc978d34622616d83f8e52e1013fefce979cdfdb6ac0bb,true
packed_noring,10,4,v4c_gpu_vector_04,v4_gpu_correct_salt,0dcc560439c2f035c4cc978d34622616d83f8e52e1013fefce979cdfdb6ac0bb,0dcc560439c2f035c4cc978d34622616d83f8e52e1013fefce979cdfdb6ac0bb,true
packed_prefetch,10,4,v4c_gpu_vector_04,v4_gpu_correct_salt,0dcc560439c2f035c4cc978d34622616d83f8e52e1013fefce979cdfdb6ac0bb,0dcc560439c2f035c4cc978d34622616d83f8e52e1013fefce979cdfdb6ac0bb,true
packed_ring,10,5,v4c_gpu_vector_05,v4_gpu_correct_salt,4daa86f6d178fc66566450b040deeb11f1e348d99a625f181ec8b3a3e12ab375,4daa86f6d178fc66566450b040deeb11f1e348d99a625f181ec8b3a3e12ab375,true
packed_noring,10,5,v4c_gpu_vector_05,v4_gpu_correct_salt,4daa86f6d178fc66566450b040deeb11f1e348d99a625f181ec8b3a3e12ab375,4daa86f6d178fc66566450b040deeb11f1e348d99a625f181ec8b3a3e12ab375,true
packed_prefetch,10,5,v4c_gpu_vector_05,v4_gpu_correct_salt,4daa86f6d178fc66566450b040deeb11f1e348d99a625f181ec8b3a3e12ab375,4daa86f6d178fc66566450b040deeb11f1e348d99a625f181ec8b3a3e12ab375,true
packed_ring,10,6,v4c_gpu_vector_06,v4_gpu_correct_salt,d89994ecd0dcb004fda39832dbf10ec2dcffac04843221777f43d1e6db9300ec,d89994ecd0dcb004fda39832dbf10ec2dcffac04843221777f43d1e6db9300ec,true
packed_noring,10,6,v4c_gpu_vector_06,v4_gpu_correct_salt,d89994ecd0dcb004fda39832dbf10ec2dcffac04843221777f43d1e6db9300ec,d89994ecd0dcb004fda39832dbf10ec2dcffac04843221777f43d1e6db9300ec,true
packed_prefetch,10,6,v4c_gpu_vector_06,v4_gpu_correct_salt,d89994ecd0dcb004fda39832dbf10ec2dcffac04843221777f43d1e6db9300ec,d89994ecd0dcb004fda39832dbf10ec2dcffac04843221777f43d1e6db9300ec,true
packed_ring,10,7,v4c_gpu_vector_07,v4_gpu_correct_salt,528f2ada4d989f7adbdfcb5cb48c3b1cca82b769db2a75d7879805ae8a2bffd7,528f2ada4d989f7adbdfcb5cb48c3b1cca82b769db2a75d7879805ae8a2bffd7,true
packed_noring,10,7,v4c_gpu_vector_07,v4_gpu_correct_salt,528f2ada4d989f7adbdfcb5cb48c3b1cca82b769db2a75d7879805ae8a2bffd7,528f2ada4d989f7adbdfcb5cb48c3b1cca82b769db2a75d7879805ae8a2bffd7,true
packed_prefetch,10,7,v4c_gpu_vector_07,v4_gpu_correct_salt,528f2ada4d989f7adbdfcb5cb48c3b1cca82b769db2a75d7879805ae8a2bffd7,528f2ada4d989f7adbdfcb5cb48c3b1cca82b769db2a75d7879805ae8a2bffd7,true
packed_ring,10,8,v4c_gpu_vector_08,v4_gpu_correct_salt,4b1e804bd1e7983e8d7b860268b43e67d0f1d87c51efc20e0dcf40fa7ed18673,4b1e804bd1e7983e8d7b860268b43e67d0f1d87c51efc20e0dcf40fa7ed18673,true
packed_noring,10,8,v4c_gpu_vector_08,v4_gpu_correct_salt,4b1e804bd1e7983e8d7b860268b43e67d0f1d87c51efc20e0dcf40fa7ed18673,4b1e804bd1e7983e8d7b860268b43e67d0f1d87c51efc20e0dcf40fa7ed18673,true
packed_prefetch,10,8,v4c_gpu_vector_08,v4_gpu_correct_salt,4b1e804bd1e7983e8d7b860268b43e67d0f1d87c51efc20e0dcf40fa7ed18673,4b1e804bd1e7983e8d7b860268b43e67d0f1d87c51efc20e0dcf40fa7ed18673,true
packed_ring,10,9,v4c_gpu_vector_09,v4_gpu_correct_salt,a5b9abf97443adf299aa4eee05c5fee6ead8e5b4799f08f7a107c1791378f542,a5b9abf97443adf299aa4eee05c5fee6ead8e5b4799f08f7a107c1791378f542,true
packed_noring,10,9,v4c_gpu_vector_09,v4_gpu_correct_salt,a5b9abf97443adf299aa4eee05c5fee6ead8e5b4799f08f7a107c1791378f542,a5b9abf97443adf299aa4eee05c5fee6ead8e5b4799f08f7a107c1791378f542,true
packed_prefetch,10,9,v4c_gpu_vector_09,v4_gpu_correct_salt,a5b9abf97443adf299aa4eee05c5fee6ead8e5b4799f08f7a107c1791378f542,a5b9abf97443adf299aa4eee05c5fee6ead8e5b4799f08f7a107c1791378f542,true
packed_ring,50,0,v4c_gpu_vector_00,v4_gpu_correct_salt,5d65f068a7f566117aecda306bcd367e5099e3cd992255e1c946ac179a942cbe,5d65f068a7f566117aecda306bcd367e5099e3cd992255e1c946ac179a942cbe,true
packed_noring,50,0,v4c_gpu_vector_00,v4_gpu_correct_salt,5d65f068a7f566117aecda306bcd367e5099e3cd992255e1c946ac179a942cbe,5d65f068a7f566117aecda306bcd367e5099e3cd992255e1c946ac179a942cbe,true
packed_prefetch,50,0,v4c_gpu_vector_00,v4_gpu_correct_salt,5d65f068a7f566117aecda306bcd367e5099e3cd992255e1c946ac179a942cbe,5d65f068a7f566117aecda306bcd367e5099e3cd992255e1c946ac179a942cbe,true
packed_ring,50,1,v4c_gpu_vector_01,v4_gpu_correct_salt,c88e6d6e3696b714eb466b965ff67fdb56160d575acb628877118fceeb8c9f71,c88e6d6e3696b714eb466b965ff67fdb56160d575acb628877118fceeb8c9f71,true
packed_noring,50,1,v4c_gpu_vector_01,v4_gpu_correct_salt,c88e6d6e3696b714eb466b965ff67fdb56160d575acb628877118fceeb8c9f71,c88e6d6e3696b714eb466b965ff67fdb56160d575acb628877118fceeb8c9f71,true
packed_prefetch,50,1,v4c_gpu_vector_01,v4_gpu_correct_salt,c88e6d6e3696b714eb466b965ff67fdb56160d575acb628877118fceeb8c9f71,c88e6d6e3696b714eb466b965ff67fdb56160d575acb628877118fceeb8c9f71,true
packed_ring,50,2,v4c_gpu_vector_02,v4_gpu_correct_salt,4659d70ed7d27ef3f017991ea2d3fff887d6110d54f681dcd1d2e0c84ede3774,4659d70ed7d27ef3f017991ea2d3fff887d6110d54f681dcd1d2e0c84ede3774,true
packed_noring,50,2,v4c_gpu_vector_02,v4_gpu_correct_salt,4659d70ed7d27ef3f017991ea2d3fff887d6110d54f681dcd1d2e0c84ede3774,4659d70ed7d27ef3f017991ea2d3fff887d6110d54f681dcd1d2e0c84ede3774,true
packed_prefetch,50,2,v4c_gpu_vector_02,v4_gpu_correct_salt,4659d70ed7d27ef3f017991ea2d3fff887d6110d54f681dcd1d2e0c84ede3774,4659d70ed7d27ef3f017991ea2d3fff887d6110d54f681dcd1d2e0c84ede3774,true
packed_ring,50,3,v4c_gpu_vector_03,v4_gpu_correct_salt,cda2e504f5f5360ac6c7fdb724ba070c57578c2423fbafaaa42ae287d7139665,cda2e504f5f5360ac6c7fdb724ba070c57578c2423fbafaaa42ae287d7139665,true
packed_noring,50,3,v4c_gpu_vector_03,v4_gpu_correct_salt,cda2e504f5f5360ac6c7fdb724ba070c57578c2423fbafaaa42ae287d7139665,cda2e504f5f5360ac6c7fdb724ba070c57578c2423fbafaaa42ae287d7139665,true
packed_prefetch,50,3,v4c_gpu_vector_03,v4_gpu_correct_salt,cda2e504f5f5360ac6c7fdb724ba070c57578c2423fbafaaa42ae287d7139665,cda2e504f5f5360ac6c7fdb724ba070c57578c2423fbafaaa42ae287d7139665,true
packed_ring,50,4,v4c_gpu_vector_04,v4_gpu_correct_salt,0dcc560439c2f035c4cc978d34622616d83f8e52e1013fefce979cdfdb6ac0bb,0dcc560439c2f035c4cc978d34622616d83f8e52e1013fefce979cdfdb6ac0bb,true
packed_noring,50,4,v4c_gpu_vector_04,v4_gpu_correct_salt,0dcc560439c2f035c4cc978d34622616d83f8e52e1013fefce979cdfdb6ac0bb,0dcc560439c2f035c4cc978d34622616d83f8e52e1013fefce979cdfdb6ac0bb,true
packed_prefetch,50,4,v4c_gpu_vector_04,v4_gpu_correct_salt,0dcc560439c2f035c4cc978d34622616d83f8e52e1013fefce979cdfdb6ac0bb,0dcc560439c2f035c4cc978d34622616d83f8e52e1013fefce979cdfdb6ac0bb,true
packed_ring,50,5,v4c_gpu_vector_05,v4_gpu_correct_salt,4daa86f6d178fc66566450b040deeb11f1e348d99a625f181ec8b3a3e12ab375,4daa86f6d178fc66566450b040deeb11f1e348d99a625f181ec8b3a3e12ab375,true
packed_noring,50,5,v4c_gpu_vector_05,v4_gpu_correct_salt,4daa86f6d178fc66566450b040deeb11f1e348d99a625f181ec8b3a3e12ab375,4daa86f6d178fc66566450b040deeb11f1e348d99a625f181ec8b3a3e12ab375,true
packed_prefetch,50,5,v4c_gpu_vector_05,v4_gpu_correct_salt,4daa86f6d178fc66566450b040deeb11f1e348d99a625f181ec8b3a3e12ab375,4daa86f6d178fc66566450b040deeb11f1e348d99a625f181ec8b3a3e12ab375,true
packed_ring,50,6,v4c_gpu_vector_06,v4_gpu_correct_salt,d89994ecd0dcb004fda39832dbf10ec2dcffac04843221777f43d1e6db9300ec,d89994ecd0dcb004fda39832dbf10ec2dcffac04843221777f43d1e6db9300ec,true
packed_noring,50,6,v4c_gpu_vector_06,v4_gpu_correct_salt,d89994ecd0dcb004fda39832dbf10ec2dcffac04843221777f43d1e6db9300ec,d89994ecd0dcb004fda39832dbf10ec2dcffac04843221777f43d1e6db9300ec,true
packed_prefetch,50,6,v4c_gpu_vector_06,v4_gpu_correct_salt,d89994ecd0dcb004fda39832dbf10ec2dcffac04843221777f43d1e6db9300ec,d89994ecd0dcb004fda39832dbf10ec2dcffac04843221777f43d1e6db9300ec,true
packed_ring,50,7,v4c_gpu_vector_07,v4_gpu_correct_salt,528f2ada4d989f7adbdfcb5cb48c3b1cca82b769db2a75d7879805ae8a2bffd7,528f2ada4d989f7adbdfcb5cb48c3b1cca82b769db2a75d7879805ae8a2bffd7,true
packed_noring,50,7,v4c_gpu_vector_07,v4_gpu_correct_salt,528f2ada4d989f7adbdfcb5cb48c3b1cca82b769db2a75d7879805ae8a2bffd7,528f2ada4d989f7adbdfcb5cb48c3b1cca82b769db2a75d7879805ae8a2bffd7,true
packed_prefetch,50,7,v4c_gpu_vector_07,v4_gpu_correct_salt,528f2ada4d989f7adbdfcb5cb48c3b1cca82b769db2a75d7879805ae8a2bffd7,528f2ada4d989f7adbdfcb5cb48c3b1cca82b769db2a75d7879805ae8a2bffd7,true
packed_ring,50,8,v4c_gpu_vector_08,v4_gpu_correct_salt,4b1e804bd1e7983e8d7b860268b43e67d0f1d87c51efc20e0dcf40fa7ed18673,4b1e804bd1e7983e8d7b860268b43e67d0f1d87c51efc20e0dcf40fa7ed18673,true
packed_noring,50,8,v4c_gpu_vector_08,v4_gpu_correct_salt,4b1e804bd1e7983e8d7b860268b43e67d0f1d87c51efc20e0dcf40fa7ed18673,4b1e804bd1e7983e8d7b860268b43e67d0f1d87c51efc20e0dcf40fa7ed18673,true
packed_prefetch,50,8,v4c_gpu_vector_08,v4_gpu_correct_salt,4b1e804bd1e7983e8d7b860268b43e67d0f1d87c51efc20e0dcf40fa7ed18673,4b1e804bd1e7983e8d7b860268b43e67d0f1d87c51efc20e0dcf40fa7ed18673,true
packed_ring,50,9,v4c_gpu_vector_09,v4_gpu_correct_salt,a5b9abf97443adf299aa4eee05c5fee6ead8e5b4799f08f7a107c1791378f542,a5b9abf97443adf299aa4eee05c5fee6ead8e5b4799f08f7a107c1791378f542,true
packed_noring,50,9,v4c_gpu_vector_09,v4_gpu_correct_salt,a5b9abf97443adf299aa4eee05c5fee6ead8e5b4799f08f7a107c1791378f542,a5b9abf97443adf299aa4eee05c5fee6ead8e5b4799f08f7a107c1791378f542,true
packed_prefetch,50,9,v4c_gpu_vector_09,v4_gpu_correct_salt,a5b9abf97443adf299aa4eee05c5fee6ead8e5b4799f08f7a107c1791378f542,a5b9abf97443adf299aa4eee05c5fee6ead8e5b4799f08f7a107c1791378f542,true
packed_ring,50,10,v4c_gpu_vector_10,v4_gpu_correct_salt,f9f6b80783934eb1f0df91dab5d53abc841c112d647fd600c5a4c045c56d2ae9,f9f6b80783934eb1f0df91dab5d53abc841c112d647fd600c5a4c045c56d2ae9,true
packed_noring,50,10,v4c_gpu_vector_10,v4_gpu_correct_salt,f9f6b80783934eb1f0df91dab5d53abc841c112d647fd600c5a4c045c56d2ae9,f9f6b80783934eb1f0df91dab5d53abc841c112d647fd600c5a4c045c56d2ae9,true
packed_prefetch,50,10,v4c_gpu_vector_10,v4_gpu_correct_salt,f9f6b80783934eb1f0df91dab5d53abc841c112d647fd600c5a4c045c56d2ae9,f9f6b80783934eb1f0df91dab5d53abc841c112d647fd600c5a4c045c56d2ae9,true
packed_ring,50,11,v4c_gpu_vector_11,v4_gpu_correct_salt,be2351b14bfae9afb83d03ac2caf7a0e2d1c47a705eed49b2ee17772817fc245,be2351b14bfae9afb83d03ac2caf7a0e2d1c47a705eed49b2ee17772817fc245,true
packed_noring,50,11,v4c_gpu_vector_11,v4_gpu_correct_salt,be2351b14bfae9afb83d03ac2caf7a0e2d1c47a705eed49b2ee17772817fc245,be2351b14bfae9afb83d03ac2caf7a0e2d1c47a705eed49b2ee17772817fc245,true
packed_prefetch,50,11,v4c_gpu_vector_11,v4_gpu_correct_salt,be2351b14bfae9afb83d03ac2caf7a0e2d1c47a705eed49b2ee17772817fc245,be2351b14bfae9afb83d03ac2caf7a0e2d1c47a705eed49b2ee17772817fc245,true
packed_ring,50,12,v4c_gpu_vector_12,v4_gpu_correct_salt,7fbf6659adf60c9cac68327a4ac1349b6eaf9c0365b013af0affa915eb58cb86,7fbf6659adf60c9cac68327a4ac1349b6eaf9c0365b013af0affa915eb58cb86,true
packed_noring,50,12,v4c_gpu_vector_12,v4_gpu_correct_salt,7fbf6659adf60c9cac68327a4ac1349b6eaf9c0365b013af0affa915eb58cb86,7fbf6659adf60c9cac68327a4ac1349b6eaf9c0365b013af0affa915eb58cb86,true
packed_prefetch,50,12,v4c_gpu_vector_12,v4_gpu_correct_salt,7fbf6659adf60c9cac68327a4ac1349b6eaf9c0365b013af0affa915eb58cb86,7fbf6659adf60c9cac68327a4ac1349b6eaf9c0365b013af0affa915eb58cb86,true
packed_ring,50,13,v4c_gpu_vector_13,v4_gpu_correct_salt,3bd429bdd142b7fe3e8b7d6dd914c006cd8865aecfe7403f1a5a5710cae0a720,3bd429bdd142b7fe3e8b7d6dd914c006cd8865aecfe7403f1a5a5710cae0a720,true
packed_noring,50,13,v4c_gpu_vector_13,v4_gpu_correct_salt,3bd429bdd142b7fe3e8b7d6dd914c006cd8865aecfe7403f1a5a5710cae0a720,3bd429bdd142b7fe3e8b7d6dd914c006cd8865aecfe7403f1a5a5710cae0a720,true
packed_prefetch,50,13,v4c_gpu_vector_13,v4_gpu_correct_salt,3bd429bdd142b7fe3e8b7d6dd914c006cd8865aecfe7403f1a5a5710cae0a720,3bd429bdd142b7fe3e8b7d6dd914c006cd8865aecfe7403f1a5a5710cae0a720,true
packed_ring,50,14,v4c_gpu_vector_14,v4_gpu_correct_salt,a611231a0b0f67c2ede9abee0d8eddc444bbbbea82c0ce101a011015d409246b,a611231a0b0f67c2ede9abee0d8eddc444bbbbea82c0ce101a011015d409246b,true
packed_noring,50,14,v4c_gpu_vector_14,v4_gpu_correct_salt,a611231a0b0f67c2ede9abee0d8eddc444bbbbea82c0ce101a011015d409246b,a611231a0b0f67c2ede9abee0d8eddc444bbbbea82c0ce101a011015d409246b,true
packed_prefetch,50,14,v4c_gpu_vector_14,v4_gpu_correct_salt,a611231a0b0f67c2ede9abee0d8eddc444bbbbea82c0ce101a011015d409246b,a611231a0b0f67c2ede9abee0d8eddc444bbbbea82c0ce101a011015d409246b,true
packed_ring,50,15,v4c_gpu_vector_15,v4_gpu_correct_salt,f4a481fd260afc4e88417fd8ec72b4561b69432575e1d19f0982b83719600552,f4a481fd260afc4e88417fd8ec72b4561b69432575e1d19f0982b83719600552,true
packed_noring,50,15,v4c_gpu_vector_15,v4_gpu_correct_salt,f4a481fd260afc4e88417fd8ec72b4561b69432575e1d19f0982b83719600552,f4a481fd260afc4e88417fd8ec72b4561b69432575e1d19f0982b83719600552,true
packed_prefetch,50,15,v4c_gpu_vector_15,v4_gpu_correct_salt,f4a481fd260afc4e88417fd8ec72b4561b69432575e1d19f0982b83719600552,f4a481fd260afc4e88417fd8ec72b4561b69432575e1d19f0982b83719600552,true
packed_ring,50,16,v4c_gpu_vector_16,v4_gpu_correct_salt,3bd728448a440f18eaebf7cc9febdc7e91a98bc7cad97bf86d3638ff06f180ff,3bd728448a440f18eaebf7cc9febdc7e91a98bc7cad97bf86d3638ff06f180ff,true
packed_noring,50,16,v4c_gpu_vector_16,v4_gpu_correct_salt,3bd728448a440f18eaebf7cc9febdc7e91a98bc7cad97bf86d3638ff06f180ff,3bd728448a440f18eaebf7cc9febdc7e91a98bc7cad97bf86d3638ff06f180ff,true
packed_prefetch,50,16,v4c_gpu_vector_16,v4_gpu_correct_salt,3bd728448a440f18eaebf7cc9febdc7e91a98bc7cad97bf86d3638ff06f180ff,3bd728448a440f18eaebf7cc9febdc7e91a98bc7cad97bf86d3638ff06f180ff,true
packed_ring,50,17,v4c_gpu_vector_17,v4_gpu_correct_salt,8ed1dee23042a858ba7b9d462c3e94e3bcc5977983a4eb495683fcb9edc4b8ac,8ed1dee23042a858ba7b9d462c3e94e3bcc5977983a4eb495683fcb9edc4b8ac,true
packed_noring,50,17,v4c_gpu_vector_17,v4_gpu_correct_salt,8ed1dee23042a858ba7b9d462c3e94e3bcc5977983a4eb495683fcb9edc4b8ac,8ed1dee23042a858ba7b9d462c3e94e3bcc5977983a4eb495683fcb9edc4b8ac,true
packed_prefetch,50,17,v4c_gpu_vector_17,v4_gpu_correct_salt,8ed1dee23042a858ba7b9d462c3e94e3bcc5977983a4eb495683fcb9edc4b8ac,8ed1dee23042a858ba7b9d462c3e94e3bcc5977983a4eb495683fcb9edc4b8ac,true
packed_ring,50,18,v4c_gpu_vector_18,v4_gpu_correct_salt,432eee2ac1a0c5935e1455032ac923651d55873a5c8025d55e027fe4e3fb020e,432eee2ac1a0c5935e1455032ac923651d55873a5c8025d55e027fe4e3fb020e,true
packed_noring,50,18,v4c_gpu_vector_18,v4_gpu_correct_salt,432eee2ac1a0c5935e1455032ac923651d55873a5c8025d55e027fe4e3fb020e,432eee2ac1a0c5935e1455032ac923651d55873a5c8025d55e027fe4e3fb020e,true
packed_prefetch,50,18,v4c_gpu_vector_18,v4_gpu_correct_salt,432eee2ac1a0c5935e1455032ac923651d55873a5c8025d55e027fe4e3fb020e,432eee2ac1a0c5935e1455032ac923651d55873a5c8025d55e027fe4e3fb020e,true
packed_ring,50,19,v4c_gpu_vector_19,v4_gpu_correct_salt,6b22852a6966eeee5ec254465f0ce47638ab0dc55e275d842e646ac53f33bf6a,6b22852a6966eeee5ec254465f0ce47638ab0dc55e275d842e646ac53f33bf6a,true
packed_noring,50,19,v4c_gpu_vector_19,v4_gpu_correct_salt,6b22852a6966eeee5ec254465f0ce47638ab0dc55e275d842e646ac53f33bf6a,6b22852a6966eeee5ec254465f0ce47638ab0dc55e275d842e646ac53f33bf6a,true
packed_prefetch,50,19,v4c_gpu_vector_19,v4_gpu_correct_salt,6b22852a6966eeee5ec254465f0ce47638ab0dc55e275d842e646ac53f33bf6a,6b22852a6966eeee5ec254465f0ce47638ab0dc55e275d842e646ac53f33bf6a,true
packed_ring,50,20,v4c_gpu_vector_20,v4_gpu_correct_salt,f06f458017629c5a46edfaa0d8ece1378292e45c5d338638f32424e3eac97f67,f06f458017629c5a46edfaa0d8ece1378292e45c5d338638f32424e3eac97f67,true
packed_noring,50,20,v4c_gpu_vector_20,v4_gpu_correct_salt,f06f458017629c5a46edfaa0d8ece1378292e45c5d338638f32424e3eac97f67,f06f458017629c5a46edfaa0d8ece1378292e45c5d338638f32424e3eac97f67,true
packed_prefetch,50,20,v4c_gpu_vector_20,v4_gpu_correct_salt,f06f458017629c5a46edfaa0d8ece1378292e45c5d338638f32424e3eac97f67,f06f458017629c5a46edfaa0d8ece1378292e45c5d338638f32424e3eac97f67,true
packed_ring,50,21,v4c_gpu_vector_21,v4_gpu_correct_salt,3ddee69e81280abdf8fe5a4663f3b91dc5721b31c5e0f6fec9a00f9871f1741c,3ddee69e81280abdf8fe5a4663f3b91dc5721b31c5e0f6fec9a00f9871f1741c,true
packed_noring,50,21,v4c_gpu_vector_21,v4_gpu_correct_salt,3ddee69e81280abdf8fe5a4663f3b91dc5721b31c5e0f6fec9a00f9871f1741c,3ddee69e81280abdf8fe5a4663f3b91dc5721b31c5e0f6fec9a00f9871f1741c,true
packed_prefetch,50,21,v4c_gpu_vector_21,v4_gpu_correct_salt,3ddee69e81280abdf8fe5a4663f3b91dc5721b31c5e0f6fec9a00f9871f1741c,3ddee69e81280abdf8fe5a4663f3b91dc5721b31c5e0f6fec9a00f9871f1741c,true
packed_ring,50,22,v4c_gpu_vector_22,v4_gpu_correct_salt,d3d65751208a3b3a09fab789e1353eed8a4d71c494720f241da67d45ad10505d,d3d65751208a3b3a09fab789e1353eed8a4d71c494720f241da67d45ad10505d,true
packed_noring,50,22,v4c_gpu_vector_22,v4_gpu_correct_salt,d3d65751208a3b3a09fab789e1353eed8a4d71c494720f241da67d45ad10505d,d3d65751208a3b3a09fab789e1353eed8a4d71c494720f241da67d45ad10505d,true
packed_prefetch,50,22,v4c_gpu_vector_22,v4_gpu_correct_salt,d3d65751208a3b3a09fab789e1353eed8a4d71c494720f241da67d45ad10505d,d3d65751208a3b3a09fab789e1353eed8a4d71c494720f241da67d45ad10505d,true
packed_ring,50,23,v4c_gpu_vector_23,v4_gpu_correct_salt,e1123f80eea0a828f347bfa550ced7ea9782a39ecbe6e5edce0b209951a23d2e,e1123f80eea0a828f347bfa550ced7ea9782a39ecbe6e5edce0b209951a23d2e,true
packed_noring,50,23,v4c_gpu_vector_23,v4_gpu_correct_salt,e1123f80eea0a828f347bfa550ced7ea9782a39ecbe6e5edce0b209951a23d2e,e1123f80eea0a828f347bfa550ced7ea9782a39ecbe6e5edce0b209951a23d2e,true
packed_prefetch,50,23,v4c_gpu_vector_23,v4_gpu_correct_salt,e1123f80eea0a828f347bfa550ced7ea9782a39ecbe6e5edce0b209951a23d2e,e1123f80eea0a828f347bfa550ced7ea9782a39ecbe6e5edce0b209951a23d2e,true
packed_ring,50,24,v4c_gpu_vector_24,v4_gpu_correct_salt,90f2e9a2002f28c414dc081f4782f1085ad92a230fdc591241739e041cd77342,90f2e9a2002f28c414dc081f4782f1085ad92a230fdc591241739e041cd77342,true
packed_noring,50,24,v4c_gpu_vector_24,v4_gpu_correct_salt,90f2e9a2002f28c414dc081f4782f1085ad92a230fdc591241739e041cd77342,90f2e9a2002f28c414dc081f4782f1085ad92a230fdc591241739e041cd77342,true
packed_prefetch,50,24,v4c_gpu_vector_24,v4_gpu_correct_salt,90f2e9a2002f28c414dc081f4782f1085ad92a230fdc591241739e041cd77342,90f2e9a2002f28c414dc081f4782f1085ad92a230fdc591241739e041cd77342,true
packed_ring,50,25,v4c_gpu_vector_25,v4_gpu_correct_salt,5c48e0ed984226f1d93cc37870068c4f3d2a5e4b315b429b3ca501b1b23d8db9,5c48e0ed984226f1d93cc37870068c4f3d2a5e4b315b429b3ca501b1b23d8db9,true
packed_noring,50,25,v4c_gpu_vector_25,v4_gpu_correct_salt,5c48e0ed984226f1d93cc37870068c4f3d2a5e4b315b429b3ca501b1b23d8db9,5c48e0ed984226f1d93cc37870068c4f3d2a5e4b315b429b3ca501b1b23d8db9,true
packed_prefetch,50,25,v4c_gpu_vector_25,v4_gpu_correct_salt,5c48e0ed984226f1d93cc37870068c4f3d2a5e4b315b429b3ca501b1b23d8db9,5c48e0ed984226f1d93cc37870068c4f3d2a5e4b315b429b3ca501b1b23d8db9,true
packed_ring,50,26,v4c_gpu_vector_26,v4_gpu_correct_salt,6c7cd6e71be0823a1f9c6dfdafda474039e933fe6301bc06e0956d8b42775f13,6c7cd6e71be0823a1f9c6dfdafda474039e933fe6301bc06e0956d8b42775f13,true
packed_noring,50,26,v4c_gpu_vector_26,v4_gpu_correct_salt,6c7cd6e71be0823a1f9c6dfdafda474039e933fe6301bc06e0956d8b42775f13,6c7cd6e71be0823a1f9c6dfdafda474039e933fe6301bc06e0956d8b42775f13,true
packed_prefetch,50,26,v4c_gpu_vector_26,v4_gpu_correct_salt,6c7cd6e71be0823a1f9c6dfdafda474039e933fe6301bc06e0956d8b42775f13,6c7cd6e71be0823a1f9c6dfdafda474039e933fe6301bc06e0956d8b42775f13,true
packed_ring,50,27,v4c_gpu_vector_27,v4_gpu_correct_salt,40115794eb1cbc6fe47df1141807373060c1f594e5aa3fd27e4383e2e62dae45,40115794eb1cbc6fe47df1141807373060c1f594e5aa3fd27e4383e2e62dae45,true
packed_noring,50,27,v4c_gpu_vector_27,v4_gpu_correct_salt,40115794eb1cbc6fe47df1141807373060c1f594e5aa3fd27e4383e2e62dae45,40115794eb1cbc6fe47df1141807373060c1f594e5aa3fd27e4383e2e62dae45,true
packed_prefetch,50,27,v4c_gpu_vector_27,v4_gpu_correct_salt,40115794eb1cbc6fe47df1141807373060c1f594e5aa3fd27e4383e2e62dae45,40115794eb1cbc6fe47df1141807373060c1f594e5aa3fd27e4383e2e62dae45,true
packed_ring,50,28,v4c_gpu_vector_28,v4_gpu_correct_salt,99d96d5949ed8f68a1b5e3f06f0f4e36d2c7ca17550c9f3b3a621fd4b57b1079,99d96d5949ed8f68a1b5e3f06f0f4e36d2c7ca17550c9f3b3a621fd4b57b1079,true
packed_noring,50,28,v4c_gpu_vector_28,v4_gpu_correct_salt,99d96d5949ed8f68a1b5e3f06f0f4e36d2c7ca17550c9f3b3a621fd4b57b1079,99d96d5949ed8f68a1b5e3f06f0f4e36d2c7ca17550c9f3b3a621fd4b57b1079,true
packed_prefetch,50,28,v4c_gpu_vector_28,v4_gpu_correct_salt,99d96d5949ed8f68a1b5e3f06f0f4e36d2c7ca17550c9f3b3a621fd4b57b1079,99d96d5949ed8f68a1b5e3f06f0f4e36d2c7ca17550c9f3b3a621fd4b57b1079,true
packed_ring,50,29,v4c_gpu_vector_29,v4_gpu_correct_salt,4bdd32b066529707d146b3baae810fa3c0369d90a5eb807d3d9c40188ddb83f1,4bdd32b066529707d146b3baae810fa3c0369d90a5eb807d3d9c40188ddb83f1,true
packed_noring,50,29,v4c_gpu_vector_29,v4_gpu_correct_salt,4bdd32b066529707d146b3baae810fa3c0369d90a5eb807d3d9c40188ddb83f1,4bdd32b066529707d146b3baae810fa3c0369d90a5eb807d3d9c40188ddb83f1,true
packed_prefetch,50,29,v4c_gpu_vector_29,v4_gpu_correct_salt,4bdd32b066529707d146b3baae810fa3c0369d90a5eb807d3d9c40188ddb83f1,4bdd32b066529707d146b3baae810fa3c0369d90a5eb807d3d9c40188ddb83f1,true
packed_ring,50,30,v4c_gpu_vector_30,v4_gpu_correct_salt,8d8863428afa40ed0ad0499e4a186be53a3632921d89abb980d04a32266b3004,8d8863428afa40ed0ad0499e4a186be53a3632921d89abb980d04a32266b3004,true
packed_noring,50,30,v4c_gpu_vector_30,v4_gpu_correct_salt,8d8863428afa40ed0ad0499e4a186be53a3632921d89abb980d04a32266b3004,8d8863428afa40ed0ad0499e4a186be53a3632921d89abb980d04a32266b3004,true
packed_prefetch,50,30,v4c_gpu_vector_30,v4_gpu_correct_salt,8d8863428afa40ed0ad0499e4a186be53a3632921d89abb980d04a32266b3004,8d8863428afa40ed0ad0499e4a186be53a3632921d89abb980d04a32266b3004,true
packed_ring,50,31,v4c_gpu_vector_31,v4_gpu_correct_salt,824b8d7797be70d2f355c085d93c8213cf8e586934b65ff854d1f2502f6187ae,824b8d7797be70d2f355c085d93c8213cf8e586934b65ff854d1f2502f6187ae,true
packed_noring,50,31,v4c_gpu_vector_31,v4_gpu_correct_salt,824b8d7797be70d2f355c085d93c8213cf8e586934b65ff854d1f2502f6187ae,824b8d7797be70d2f355c085d93c8213cf8e586934b65ff854d1f2502f6187ae,true
packed_prefetch,50,31,v4c_gpu_vector_31,v4_gpu_correct_salt,824b8d7797be70d2f355c085d93c8213cf8e586934b65ff854d1f2502f6187ae,824b8d7797be70d2f355c085d93c8213cf8e586934b65ff854d1f2502f6187ae,true
packed_ring,50,32,v4c_gpu_vector_32,v4_gpu_correct_salt,25a0235aaf437bb3c5d1a92e4ff1243df6c84c32abd33871cdaedab127bf0295,25a0235aaf437bb3c5d1a92e4ff1243df6c84c32abd33871cdaedab127bf0295,true
packed_noring,50,32,v4c_gpu_vector_32,v4_gpu_correct_salt,25a0235aaf437bb3c5d1a92e4ff1243df6c84c32abd33871cdaedab127bf0295,25a0235aaf437bb3c5d1a92e4ff1243df6c84c32abd33871cdaedab127bf0295,true
packed_prefetch,50,32,v4c_gpu_vector_32,v4_gpu_correct_salt,25a0235aaf437bb3c5d1a92e4ff1243df6c84c32abd33871cdaedab127bf0295,25a0235aaf437bb3c5d1a92e4ff1243df6c84c32abd33871cdaedab127bf0295,true
packed_ring,50,33,v4c_gpu_vector_33,v4_gpu_correct_salt,4476da65aaca6ea61c2fc26a163d65ff07bad50abcc90ad95ad0c49ed501d72d,4476da65aaca6ea61c2fc26a163d65ff07bad50abcc90ad95ad0c49ed501d72d,true
packed_noring,50,33,v4c_gpu_vector_33,v4_gpu_correct_salt,4476da65aaca6ea61c2fc26a163d65ff07bad50abcc90ad95ad0c49ed501d72d,4476da65aaca6ea61c2fc26a163d65ff07bad50abcc90ad95ad0c49ed501d72d,true
packed_prefetch,50,33,v4c_gpu_vector_33,v4_gpu_correct_salt,4476da65aaca6ea61c2fc26a163d65ff07bad50abcc90ad95ad0c49ed501d72d,4476da65aaca6ea61c2fc26a163d65ff07bad50abcc90ad95ad0c49ed501d72d,true
packed_ring,50,34,v4c_gpu_vector_34,v4_gpu_correct_salt,96e2798899e3c322386eda2256aed49af5464aa96b38825d49f6ee3d06fff8cd,96e2798899e3c322386eda2256aed49af5464aa96b38825d49f6ee3d06fff8cd,true
packed_noring,50,34,v4c_gpu_vector_34,v4_gpu_correct_salt,96e2798899e3c322386eda2256aed49af5464aa96b38825d49f6ee3d06fff8cd,96e2798899e3c322386eda2256aed49af5464aa96b38825d49f6ee3d06fff8cd,true
packed_prefetch,50,34,v4c_gpu_vector_34,v4_gpu_correct_salt,96e2798899e3c322386eda2256aed49af5464aa96b38825d49f6ee3d06fff8cd,96e2798899e3c322386eda2256aed49af5464aa96b38825d49f6ee3d06fff8cd,true
packed_ring,50,35,v4c_gpu_vector_35,v4_gpu_correct_salt,148661571e4f932494f7c1caae6a8abe2abf2af94d3725ada28d7bcaefba4053,148661571e4f932494f7c1caae6a8abe2abf2af94d3725ada28d7bcaefba4053,true
packed_noring,50,35,v4c_gpu_vector_35,v4_gpu_correct_salt,148661571e4f932494f7c1caae6a8abe2abf2af94d3725ada28d7bcaefba4053,148661571e4f932494f7c1caae6a8abe2abf2af94d3725ada28d7bcaefba4053,true
packed_prefetch,50,35,v4c_gpu_vector_35,v4_gpu_correct_salt,148661571e4f932494f7c1caae6a8abe2abf2af94d3725ada28d7bcaefba4053,148661571e4f932494f7c1caae6a8abe2abf2af94d3725ada28d7bcaefba4053,true
packed_ring,50,36,v4c_gpu_vector_36,v4_gpu_correct_salt,61690d482ca5af54c695f1e2d64ffc6c6a67ae47204f954ee0f156e9d0648fca,61690d482ca5af54c695f1e2d64ffc6c6a67ae47204f954ee0f156e9d0648fca,true
packed_noring,50,36,v4c_gpu_vector_36,v4_gpu_correct_salt,61690d482ca5af54c695f1e2d64ffc6c6a67ae47204f954ee0f156e9d0648fca,61690d482ca5af54c695f1e2d64ffc6c6a67ae47204f954ee0f156e9d0648fca,true
packed_prefetch,50,36,v4c_gpu_vector_36,v4_gpu_correct_salt,61690d482ca5af54c695f1e2d64ffc6c6a67ae47204f954ee0f156e9d0648fca,61690d482ca5af54c695f1e2d64ffc6c6a67ae47204f954ee0f156e9d0648fca,true
packed_ring,50,37,v4c_gpu_vector_37,v4_gpu_correct_salt,864bfdb17fa2059dfab977b7ab230841bee8df7df4904865e70cceb39f730138,864bfdb17fa2059dfab977b7ab230841bee8df7df4904865e70cceb39f730138,true
packed_noring,50,37,v4c_gpu_vector_37,v4_gpu_correct_salt,864bfdb17fa2059dfab977b7ab230841bee8df7df4904865e70cceb39f730138,864bfdb17fa2059dfab977b7ab230841bee8df7df4904865e70cceb39f730138,true
packed_prefetch,50,37,v4c_gpu_vector_37,v4_gpu_correct_salt,864bfdb17fa2059dfab977b7ab230841bee8df7df4904865e70cceb39f730138,864bfdb17fa2059dfab977b7ab230841bee8df7df4904865e70cceb39f730138,true
packed_ring,50,38,v4c_gpu_vector_38,v4_gpu_correct_salt,15a48826b0638fc27e523085a4349630c1aa3fd17136b8b4e6d797dc3a1970d6,15a48826b0638fc27e523085a4349630c1aa3fd17136b8b4e6d797dc3a1970d6,true
packed_noring,50,38,v4c_gpu_vector_38,v4_gpu_correct_salt,15a48826b0638fc27e523085a4349630c1aa3fd17136b8b4e6d797dc3a1970d6,15a48826b0638fc27e523085a4349630c1aa3fd17136b8b4e6d797dc3a1970d6,true
packed_prefetch,50,38,v4c_gpu_vector_38,v4_gpu_correct_salt,15a48826b0638fc27e523085a4349630c1aa3fd17136b8b4e6d797dc3a1970d6,15a48826b0638fc27e523085a4349630c1aa3fd17136b8b4e6d797dc3a1970d6,true
packed_ring,50,39,v4c_gpu_vector_39,v4_gpu_correct_salt,1b3c3c4bae5f8accd454e14b2f6d283267997b188e701f333bcd0ecfc22b6377,1b3c3c4bae5f8accd454e14b2f6d283267997b188e701f333bcd0ecfc22b6377,true
packed_noring,50,39,v4c_gpu_vector_39,v4_gpu_correct_salt,1b3c3c4bae5f8accd454e14b2f6d283267997b188e701f333bcd0ecfc22b6377,1b3c3c4bae5f8accd454e14b2f6d283267997b188e701f333bcd0ecfc22b6377,true
packed_prefetch,50,39,v4c_gpu_vector_39,v4_gpu_correct_salt,1b3c3c4bae5f8accd454e14b2f6d283267997b188e701f333bcd0ecfc22b6377,1b3c3c4bae5f8accd454e14b2f6d283267997b188e701f333bcd0ecfc22b6377,true
packed_ring,50,40,v4c_gpu_vector_40,v4_gpu_correct_salt,60e1d6574df2e70596b70d8c65a339475bb775769e1e6e3ebefed704f2de55a0,60e1d6574df2e70596b70d8c65a339475bb775769e1e6e3ebefed704f2de55a0,true
packed_noring,50,40,v4c_gpu_vector_40,v4_gpu_correct_salt,60e1d6574df2e70596b70d8c65a339475bb775769e1e6e3ebefed704f2de55a0,60e1d6574df2e70596b70d8c65a339475bb775769e1e6e3ebefed704f2de55a0,true
packed_prefetch,50,40,v4c_gpu_vector_40,v4_gpu_correct_salt,60e1d6574df2e70596b70d8c65a339475bb775769e1e6e3ebefed704f2de55a0,60e1d6574df2e70596b70d8c65a339475bb775769e1e6e3ebefed704f2de55a0,true
packed_ring,50,41,v4c_gpu_vector_41,v4_gpu_correct_salt,92007e42500e9277bafa34d41f5d14327dd20dabbf9485a01d14aa372b6f85d6,92007e42500e9277bafa34d41f5d14327dd20dabbf9485a01d14aa372b6f85d6,true
packed_noring,50,41,v4c_gpu_vector_41,v4_gpu_correct_salt,92007e42500e9277bafa34d41f5d14327dd20dabbf9485a01d14aa372b6f85d6,92007e42500e9277bafa34d41f5d14327dd20dabbf9485a01d14aa372b6f85d6,true
packed_prefetch,50,41,v4c_gpu_vector_41,v4_gpu_correct_salt,92007e42500e9277bafa34d41f5d14327dd20dabbf9485a01d14aa372b6f85d6,92007e42500e9277bafa34d41f5d14327dd20dabbf9485a01d14aa372b6f85d6,true
packed_ring,50,42,v4c_gpu_vector_42,v4_gpu_correct_salt,430bb58dc80b80272e07506f52c99f8a9b8b8e18818af251553faf34ef5b1b63,430bb58dc80b80272e07506f52c99f8a9b8b8e18818af251553faf34ef5b1b63,true
packed_noring,50,42,v4c_gpu_vector_42,v4_gpu_correct_salt,430bb58dc80b80272e07506f52c99f8a9b8b8e18818af251553faf34ef5b1b63,430bb58dc80b80272e07506f52c99f8a9b8b8e18818af251553faf34ef5b1b63,true
packed_prefetch,50,42,v4c_gpu_vector_42,v4_gpu_correct_salt,430bb58dc80b80272e07506f52c99f8a9b8b8e18818af251553faf34ef5b1b63,430bb58dc80b80272e07506f52c99f8a9b8b8e18818af251553faf34ef5b1b63,true
packed_ring,50,43,v4c_gpu_vector_43,v4_gpu_correct_salt,2200400f8326c7381867dfed6dcd56b4d6a7247cf6b0d2fc6a81712ee9a5707b,2200400f8326c7381867dfed6dcd56b4d6a7247cf6b0d2fc6a81712ee9a5707b,true
packed_noring,50,43,v4c_gpu_vector_43,v4_gpu_correct_salt,2200400f8326c7381867dfed6dcd56b4d6a7247cf6b0d2fc6a81712ee9a5707b,2200400f8326c7381867dfed6dcd56b4d6a7247cf6b0d2fc6a81712ee9a5707b,true
packed_prefetch,50,43,v4c_gpu_vector_43,v4_gpu_correct_salt,2200400f8326c7381867dfed6dcd56b4d6a7247cf6b0d2fc6a81712ee9a5707b,2200400f8326c7381867dfed6dcd56b4d6a7247cf6b0d2fc6a81712ee9a5707b,true
packed_ring,50,44,v4c_gpu_vector_44,v4_gpu_correct_salt,7eb951169f27878fc2d9ecb77dffce7087b6d78051e3ce8a961d8b9d83181385,7eb951169f27878fc2d9ecb77dffce7087b6d78051e3ce8a961d8b9d83181385,true
packed_noring,50,44,v4c_gpu_vector_44,v4_gpu_correct_salt,7eb951169f27878fc2d9ecb77dffce7087b6d78051e3ce8a961d8b9d83181385,7eb951169f27878fc2d9ecb77dffce7087b6d78051e3ce8a961d8b9d83181385,true
packed_prefetch,50,44,v4c_gpu_vector_44,v4_gpu_correct_salt,7eb951169f27878fc2d9ecb77dffce7087b6d78051e3ce8a961d8b9d83181385,7eb951169f27878fc2d9ecb77dffce7087b6d78051e3ce8a961d8b9d83181385,true
packed_ring,50,45,v4c_gpu_vector_45,v4_gpu_correct_salt,eff223f1099c895df2b7bafde41b194a17710aa6f59b408309d275c900fafcbc,eff223f1099c895df2b7bafde41b194a17710aa6f59b408309d275c900fafcbc,true
packed_noring,50,45,v4c_gpu_vector_45,v4_gpu_correct_salt,eff223f1099c895df2b7bafde41b194a17710aa6f59b408309d275c900fafcbc,eff223f1099c895df2b7bafde41b194a17710aa6f59b408309d275c900fafcbc,true
packed_prefetch,50,45,v4c_gpu_vector_45,v4_gpu_correct_salt,eff223f1099c895df2b7bafde41b194a17710aa6f59b408309d275c900fafcbc,eff223f1099c895df2b7bafde41b194a17710aa6f59b408309d275c900fafcbc,true
packed_ring,50,46,v4c_gpu_vector_46,v4_gpu_correct_salt,3d538c0178a60675f3dd7de7246d31b6b4e7526a92c0cc87fdfb1f8419be9fc5,3d538c0178a60675f3dd7de7246d31b6b4e7526a92c0cc87fdfb1f8419be9fc5,true
packed_noring,50,46,v4c_gpu_vector_46,v4_gpu_correct_salt,3d538c0178a60675f3dd7de7246d31b6b4e7526a92c0cc87fdfb1f8419be9fc5,3d538c0178a60675f3dd7de7246d31b6b4e7526a92c0cc87fdfb1f8419be9fc5,true
packed_prefetch,50,46,v4c_gpu_vector_46,v4_gpu_correct_salt,3d538c0178a60675f3dd7de7246d31b6b4e7526a92c0cc87fdfb1f8419be9fc5,3d538c0178a60675f3dd7de7246d31b6b4e7526a92c0cc87fdfb1f8419be9fc5,true
packed_ring,50,47,v4c_gpu_vector_47,v4_gpu_correct_salt,0a9bbca7503f20f48fc2c51d0a23a089bfca1e81b8159968f336224e799e0cb9,0a9bbca7503f20f48fc2c51d0a23a089bfca1e81b8159968f336224e799e0cb9,true
packed_noring,50,47,v4c_gpu_vector_47,v4_gpu_correct_salt,0a9bbca7503f20f48fc2c51d0a23a089bfca1e81b8159968f336224e799e0cb9,0a9bbca7503f20f48fc2c51d0a23a089bfca1e81b8159968f336224e799e0cb9,true
packed_prefetch,50,47,v4c_gpu_vector_47,v4_gpu_correct_salt,0a9bbca7503f20f48fc2c51d0a23a089bfca1e81b8159968f336224e799e0cb9,0a9bbca7503f20f48fc2c51d0a23a089bfca1e81b8159968f336224e799e0cb9,true
packed_ring,50,48,v4c_gpu_vector_48,v4_gpu_correct_salt,5824e6970ee64ee1d62c06090170266babb04f0ed6a896a2f5849db243c38771,5824e6970ee64ee1d62c06090170266babb04f0ed6a896a2f5849db243c38771,true
packed_noring,50,48,v4c_gpu_vector_48,v4_gpu_correct_salt,5824e6970ee64ee1d62c06090170266babb04f0ed6a896a2f5849db243c38771,5824e6970ee64ee1d62c06090170266babb04f0ed6a896a2f5849db243c38771,true
packed_prefetch,50,48,v4c_gpu_vector_48,v4_gpu_correct_salt,5824e6970ee64ee1d62c06090170266babb04f0ed6a896a2f5849db243c38771,5824e6970ee64ee1d62c06090170266babb04f0ed6a896a2f5849db243c38771,true
packed_ring,50,49,v4c_gpu_vector_49,v4_gpu_correct_salt,c8da87045df80db896bf7cbc8cee450be1519b4426db1d7289f97a537d535687,c8da87045df80db896bf7cbc8cee450be1519b4426db1d7289f97a537d535687,true
packed_noring,50,49,v4c_gpu_vector_49,v4_gpu_correct_salt,c8da87045df80db896bf7cbc8cee450be1519b4426db1d7289f97a537d535687,c8da87045df80db896bf7cbc8cee450be1519b4426db1d7289f97a537d535687,true
packed_prefetch,50,49,v4c_gpu_vector_49,v4_gpu_correct_salt,c8da87045df80db896bf7cbc8cee450be1519b4426db1d7289f97a537d535687,c8da87045df80db896bf7cbc8cee450be1519b4426db1d7289f97a537d535687,true
packed_ring,100,0,v4c_gpu_vector_00,v4_gpu_correct_salt,5d65f068a7f566117aecda306bcd367e5099e3cd992255e1c946ac179a942cbe,5d65f068a7f566117aecda306bcd367e5099e3cd992255e1c946ac179a942cbe,true
packed_noring,100,0,v4c_gpu_vector_00,v4_gpu_correct_salt,5d65f068a7f566117aecda306bcd367e5099e3cd992255e1c946ac179a942cbe,5d65f068a7f566117aecda306bcd367e5099e3cd992255e1c946ac179a942cbe,true
packed_prefetch,100,0,v4c_gpu_vector_00,v4_gpu_correct_salt,5d65f068a7f566117aecda306bcd367e5099e3cd992255e1c946ac179a942cbe,5d65f068a7f566117aecda306bcd367e5099e3cd992255e1c946ac179a942cbe,true
packed_ring,100,1,v4c_gpu_vector_01,v4_gpu_correct_salt,c88e6d6e3696b714eb466b965ff67fdb56160d575acb628877118fceeb8c9f71,c88e6d6e3696b714eb466b965ff67fdb56160d575acb628877118fceeb8c9f71,true
packed_noring,100,1,v4c_gpu_vector_01,v4_gpu_correct_salt,c88e6d6e3696b714eb466b965ff67fdb56160d575acb628877118fceeb8c9f71,c88e6d6e3696b714eb466b965ff67fdb56160d575acb628877118fceeb8c9f71,true
packed_prefetch,100,1,v4c_gpu_vector_01,v4_gpu_correct_salt,c88e6d6e3696b714eb466b965ff67fdb56160d575acb628877118fceeb8c9f71,c88e6d6e3696b714eb466b965ff67fdb56160d575acb628877118fceeb8c9f71,true
packed_ring,100,2,v4c_gpu_vector_02,v4_gpu_correct_salt,4659d70ed7d27ef3f017991ea2d3fff887d6110d54f681dcd1d2e0c84ede3774,4659d70ed7d27ef3f017991ea2d3fff887d6110d54f681dcd1d2e0c84ede3774,true
packed_noring,100,2,v4c_gpu_vector_02,v4_gpu_correct_salt,4659d70ed7d27ef3f017991ea2d3fff887d6110d54f681dcd1d2e0c84ede3774,4659d70ed7d27ef3f017991ea2d3fff887d6110d54f681dcd1d2e0c84ede3774,true
packed_prefetch,100,2,v4c_gpu_vector_02,v4_gpu_correct_salt,4659d70ed7d27ef3f017991ea2d3fff887d6110d54f681dcd1d2e0c84ede3774,4659d70ed7d27ef3f017991ea2d3fff887d6110d54f681dcd1d2e0c84ede3774,true
packed_ring,100,3,v4c_gpu_vector_03,v4_gpu_correct_salt,cda2e504f5f5360ac6c7fdb724ba070c57578c2423fbafaaa42ae287d7139665,cda2e504f5f5360ac6c7fdb724ba070c57578c2423fbafaaa42ae287d7139665,true
packed_noring,100,3,v4c_gpu_vector_03,v4_gpu_correct_salt,cda2e504f5f5360ac6c7fdb724ba070c57578c2423fbafaaa42ae287d7139665,cda2e504f5f5360ac6c7fdb724ba070c57578c2423fbafaaa42ae287d7139665,true
packed_prefetch,100,3,v4c_gpu_vector_03,v4_gpu_correct_salt,cda2e504f5f5360ac6c7fdb724ba070c57578c2423fbafaaa42ae287d7139665,cda2e504f5f5360ac6c7fdb724ba070c57578c2423fbafaaa42ae287d7139665,true
packed_ring,100,4,v4c_gpu_vector_04,v4_gpu_correct_salt,0dcc560439c2f035c4cc978d34622616d83f8e52e1013fefce979cdfdb6ac0bb,0dcc560439c2f035c4cc978d34622616d83f8e52e1013fefce979cdfdb6ac0bb,true
packed_noring,100,4,v4c_gpu_vector_04,v4_gpu_correct_salt,0dcc560439c2f035c4cc978d34622616d83f8e52e1013fefce979cdfdb6ac0bb,0dcc560439c2f035c4cc978d34622616d83f8e52e1013fefce979cdfdb6ac0bb,true
packed_prefetch,100,4,v4c_gpu_vector_04,v4_gpu_correct_salt,0dcc560439c2f035c4cc978d34622616d83f8e52e1013fefce979cdfdb6ac0bb,0dcc560439c2f035c4cc978d34622616d83f8e52e1013fefce979cdfdb6ac0bb,true
packed_ring,100,5,v4c_gpu_vector_05,v4_gpu_correct_salt,4daa86f6d178fc66566450b040deeb11f1e348d99a625f181ec8b3a3e12ab375,4daa86f6d178fc66566450b040deeb11f1e348d99a625f181ec8b3a3e12ab375,true
packed_noring,100,5,v4c_gpu_vector_05,v4_gpu_correct_salt,4daa86f6d178fc66566450b040deeb11f1e348d99a625f181ec8b3a3e12ab375,4daa86f6d178fc66566450b040deeb11f1e348d99a625f181ec8b3a3e12ab375,true
packed_prefetch,100,5,v4c_gpu_vector_05,v4_gpu_correct_salt,4daa86f6d178fc66566450b040deeb11f1e348d99a625f181ec8b3a3e12ab375,4daa86f6d178fc66566450b040deeb11f1e348d99a625f181ec8b3a3e12ab375,true
packed_ring,100,6,v4c_gpu_vector_06,v4_gpu_correct_salt,d89994ecd0dcb004fda39832dbf10ec2dcffac04843221777f43d1e6db9300ec,d89994ecd0dcb004fda39832dbf10ec2dcffac04843221777f43d1e6db9300ec,true
packed_noring,100,6,v4c_gpu_vector_06,v4_gpu_correct_salt,d89994ecd0dcb004fda39832dbf10ec2dcffac04843221777f43d1e6db9300ec,d89994ecd0dcb004fda39832dbf10ec2dcffac04843221777f43d1e6db9300ec,true
packed_prefetch,100,6,v4c_gpu_vector_06,v4_gpu_correct_salt,d89994ecd0dcb004fda39832dbf10ec2dcffac04843221777f43d1e6db9300ec,d89994ecd0dcb004fda39832dbf10ec2dcffac04843221777f43d1e6db9300ec,true
packed_ring,100,7,v4c_gpu_vector_07,v4_gpu_correct_salt,528f2ada4d989f7adbdfcb5cb48c3b1cca82b769db2a75d7879805ae8a2bffd7,528f2ada4d989f7adbdfcb5cb48c3b1cca82b769db2a75d7879805ae8a2bffd7,true
packed_noring,100,7,v4c_gpu_vector_07,v4_gpu_correct_salt,528f2ada4d989f7adbdfcb5cb48c3b1cca82b769db2a75d7879805ae8a2bffd7,528f2ada4d989f7adbdfcb5cb48c3b1cca82b769db2a75d7879805ae8a2bffd7,true
packed_prefetch,100,7,v4c_gpu_vector_07,v4_gpu_correct_salt,528f2ada4d989f7adbdfcb5cb48c3b1cca82b769db2a75d7879805ae8a2bffd7,528f2ada4d989f7adbdfcb5cb48c3b1cca82b769db2a75d7879805ae8a2bffd7,true
packed_ring,100,8,v4c_gpu_vector_08,v4_gpu_correct_salt,4b1e804bd1e7983e8d7b860268b43e67d0f1d87c51efc20e0dcf40fa7ed18673,4b1e804bd1e7983e8d7b860268b43e67d0f1d87c51efc20e0dcf40fa7ed18673,true
packed_noring,100,8,v4c_gpu_vector_08,v4_gpu_correct_salt,4b1e804bd1e7983e8d7b860268b43e67d0f1d87c51efc20e0dcf40fa7ed18673,4b1e804bd1e7983e8d7b860268b43e67d0f1d87c51efc20e0dcf40fa7ed18673,true
packed_prefetch,100,8,v4c_gpu_vector_08,v4_gpu_correct_salt,4b1e804bd1e7983e8d7b860268b43e67d0f1d87c51efc20e0dcf40fa7ed18673,4b1e804bd1e7983e8d7b860268b43e67d0f1d87c51efc20e0dcf40fa7ed18673,true
packed_ring,100,9,v4c_gpu_vector_09,v4_gpu_correct_salt,a5b9abf97443adf299aa4eee05c5fee6ead8e5b4799f08f7a107c1791378f542,a5b9abf97443adf299aa4eee05c5fee6ead8e5b4799f08f7a107c1791378f542,true
packed_noring,100,9,v4c_gpu_vector_09,v4_gpu_correct_salt,a5b9abf97443adf299aa4eee05c5fee6ead8e5b4799f08f7a107c1791378f542,a5b9abf97443adf299aa4eee05c5fee6ead8e5b4799f08f7a107c1791378f542,true
packed_prefetch,100,9,v4c_gpu_vector_09,v4_gpu_correct_salt,a5b9abf97443adf299aa4eee05c5fee6ead8e5b4799f08f7a107c1791378f542,a5b9abf97443adf299aa4eee05c5fee6ead8e5b4799f08f7a107c1791378f542,true
packed_ring,100,10,v4c_gpu_vector_10,v4_gpu_correct_salt,f9f6b80783934eb1f0df91dab5d53abc841c112d647fd600c5a4c045c56d2ae9,f9f6b80783934eb1f0df91dab5d53abc841c112d647fd600c5a4c045c56d2ae9,true
packed_noring,100,10,v4c_gpu_vector_10,v4_gpu_correct_salt,f9f6b80783934eb1f0df91dab5d53abc841c112d647fd600c5a4c045c56d2ae9,f9f6b80783934eb1f0df91dab5d53abc841c112d647fd600c5a4c045c56d2ae9,true
packed_prefetch,100,10,v4c_gpu_vector_10,v4_gpu_correct_salt,f9f6b80783934eb1f0df91dab5d53abc841c112d647fd600c5a4c045c56d2ae9,f9f6b80783934eb1f0df91dab5d53abc841c112d647fd600c5a4c045c56d2ae9,true
packed_ring,100,11,v4c_gpu_vector_11,v4_gpu_correct_salt,be2351b14bfae9afb83d03ac2caf7a0e2d1c47a705eed49b2ee17772817fc245,be2351b14bfae9afb83d03ac2caf7a0e2d1c47a705eed49b2ee17772817fc245,true
packed_noring,100,11,v4c_gpu_vector_11,v4_gpu_correct_salt,be2351b14bfae9afb83d03ac2caf7a0e2d1c47a705eed49b2ee17772817fc245,be2351b14bfae9afb83d03ac2caf7a0e2d1c47a705eed49b2ee17772817fc245,true
packed_prefetch,100,11,v4c_gpu_vector_11,v4_gpu_correct_salt,be2351b14bfae9afb83d03ac2caf7a0e2d1c47a705eed49b2ee17772817fc245,be2351b14bfae9afb83d03ac2caf7a0e2d1c47a705eed49b2ee17772817fc245,true
packed_ring,100,12,v4c_gpu_vector_12,v4_gpu_correct_salt,7fbf6659adf60c9cac68327a4ac1349b6eaf9c0365b013af0affa915eb58cb86,7fbf6659adf60c9cac68327a4ac1349b6eaf9c0365b013af0affa915eb58cb86,true
packed_noring,100,12,v4c_gpu_vector_12,v4_gpu_correct_salt,7fbf6659adf60c9cac68327a4ac1349b6eaf9c0365b013af0affa915eb58cb86,7fbf6659adf60c9cac68327a4ac1349b6eaf9c0365b013af0affa915eb58cb86,true
packed_prefetch,100,12,v4c_gpu_vector_12,v4_gpu_correct_salt,7fbf6659adf60c9cac68327a4ac1349b6eaf9c0365b013af0affa915eb58cb86,7fbf6659adf60c9cac68327a4ac1349b6eaf9c0365b013af0affa915eb58cb86,true
packed_ring,100,13,v4c_gpu_vector_13,v4_gpu_correct_salt,3bd429bdd142b7fe3e8b7d6dd914c006cd8865aecfe7403f1a5a5710cae0a720,3bd429bdd142b7fe3e8b7d6dd914c006cd8865aecfe7403f1a5a5710cae0a720,true
packed_noring,100,13,v4c_gpu_vector_13,v4_gpu_correct_salt,3bd429bdd142b7fe3e8b7d6dd914c006cd8865aecfe7403f1a5a5710cae0a720,3bd429bdd142b7fe3e8b7d6dd914c006cd8865aecfe7403f1a5a5710cae0a720,true
packed_prefetch,100,13,v4c_gpu_vector_13,v4_gpu_correct_salt,3bd429bdd142b7fe3e8b7d6dd914c006cd8865aecfe7403f1a5a5710cae0a720,3bd429bdd142b7fe3e8b7d6dd914c006cd8865aecfe7403f1a5a5710cae0a720,true
packed_ring,100,14,v4c_gpu_vector_14,v4_gpu_correct_salt,a611231a0b0f67c2ede9abee0d8eddc444bbbbea82c0ce101a011015d409246b,a611231a0b0f67c2ede9abee0d8eddc444bbbbea82c0ce101a011015d409246b,true
packed_noring,100,14,v4c_gpu_vector_14,v4_gpu_correct_salt,a611231a0b0f67c2ede9abee0d8eddc444bbbbea82c0ce101a011015d409246b,a611231a0b0f67c2ede9abee0d8eddc444bbbbea82c0ce101a011015d409246b,true
packed_prefetch,100,14,v4c_gpu_vector_14,v4_gpu_correct_salt,a611231a0b0f67c2ede9abee0d8eddc444bbbbea82c0ce101a011015d409246b,a611231a0b0f67c2ede9abee0d8eddc444bbbbea82c0ce101a011015d409246b,true
packed_ring,100,15,v4c_gpu_vector_15,v4_gpu_correct_salt,f4a481fd260afc4e88417fd8ec72b4561b69432575e1d19f0982b83719600552,f4a481fd260afc4e88417fd8ec72b4561b69432575e1d19f0982b83719600552,true
packed_noring,100,15,v4c_gpu_vector_15,v4_gpu_correct_salt,f4a481fd260afc4e88417fd8ec72b4561b69432575e1d19f0982b83719600552,f4a481fd260afc4e88417fd8ec72b4561b69432575e1d19f0982b83719600552,true
packed_prefetch,100,15,v4c_gpu_vector_15,v4_gpu_correct_salt,f4a481fd260afc4e88417fd8ec72b4561b69432575e1d19f0982b83719600552,f4a481fd260afc4e88417fd8ec72b4561b69432575e1d19f0982b83719600552,true
packed_ring,100,16,v4c_gpu_vector_16,v4_gpu_correct_salt,3bd728448a440f18eaebf7cc9febdc7e91a98bc7cad97bf86d3638ff06f180ff,3bd728448a440f18eaebf7cc9febdc7e91a98bc7cad97bf86d3638ff06f180ff,true
packed_noring,100,16,v4c_gpu_vector_16,v4_gpu_correct_salt,3bd728448a440f18eaebf7cc9febdc7e91a98bc7cad97bf86d3638ff06f180ff,3bd728448a440f18eaebf7cc9febdc7e91a98bc7cad97bf86d3638ff06f180ff,true
packed_prefetch,100,16,v4c_gpu_vector_16,v4_gpu_correct_salt,3bd728448a440f18eaebf7cc9febdc7e91a98bc7cad97bf86d3638ff06f180ff,3bd728448a440f18eaebf7cc9febdc7e91a98bc7cad97bf86d3638ff06f180ff,true
packed_ring,100,17,v4c_gpu_vector_17,v4_gpu_correct_salt,8ed1dee23042a858ba7b9d462c3e94e3bcc5977983a4eb495683fcb9edc4b8ac,8ed1dee23042a858ba7b9d462c3e94e3bcc5977983a4eb495683fcb9edc4b8ac,true
packed_noring,100,17,v4c_gpu_vector_17,v4_gpu_correct_salt,8ed1dee23042a858ba7b9d462c3e94e3bcc5977983a4eb495683fcb9edc4b8ac,8ed1dee23042a858ba7b9d462c3e94e3bcc5977983a4eb495683fcb9edc4b8ac,true
packed_prefetch,100,17,v4c_gpu_vector_17,v4_gpu_correct_salt,8ed1dee23042a858ba7b9d462c3e94e3bcc5977983a4eb495683fcb9edc4b8ac,8ed1dee23042a858ba7b9d462c3e94e3bcc5977983a4eb495683fcb9edc4b8ac,true
packed_ring,100,18,v4c_gpu_vector_18,v4_gpu_correct_salt,432eee2ac1a0c5935e1455032ac923651d55873a5c8025d55e027fe4e3fb020e,432eee2ac1a0c5935e1455032ac923651d55873a5c8025d55e027fe4e3fb020e,true
packed_noring,100,18,v4c_gpu_vector_18,v4_gpu_correct_salt,432eee2ac1a0c5935e1455032ac923651d55873a5c8025d55e027fe4e3fb020e,432eee2ac1a0c5935e1455032ac923651d55873a5c8025d55e027fe4e3fb020e,true
packed_prefetch,100,18,v4c_gpu_vector_18,v4_gpu_correct_salt,432eee2ac1a0c5935e1455032ac923651d55873a5c8025d55e027fe4e3fb020e,432eee2ac1a0c5935e1455032ac923651d55873a5c8025d55e027fe4e3fb020e,true
packed_ring,100,19,v4c_gpu_vector_19,v4_gpu_correct_salt,6b22852a6966eeee5ec254465f0ce47638ab0dc55e275d842e646ac53f33bf6a,6b22852a6966eeee5ec254465f0ce47638ab0dc55e275d842e646ac53f33bf6a,true
packed_noring,100,19,v4c_gpu_vector_19,v4_gpu_correct_salt,6b22852a6966eeee5ec254465f0ce47638ab0dc55e275d842e646ac53f33bf6a,6b22852a6966eeee5ec254465f0ce47638ab0dc55e275d842e646ac53f33bf6a,true
packed_prefetch,100,19,v4c_gpu_vector_19,v4_gpu_correct_salt,6b22852a6966eeee5ec254465f0ce47638ab0dc55e275d842e646ac53f33bf6a,6b22852a6966eeee5ec254465f0ce47638ab0dc55e275d842e646ac53f33bf6a,true
packed_ring,100,20,v4c_gpu_vector_20,v4_gpu_correct_salt,f06f458017629c5a46edfaa0d8ece1378292e45c5d338638f32424e3eac97f67,f06f458017629c5a46edfaa0d8ece1378292e45c5d338638f32424e3eac97f67,true
packed_noring,100,20,v4c_gpu_vector_20,v4_gpu_correct_salt,f06f458017629c5a46edfaa0d8ece1378292e45c5d338638f32424e3eac97f67,f06f458017629c5a46edfaa0d8ece1378292e45c5d338638f32424e3eac97f67,true
packed_prefetch,100,20,v4c_gpu_vector_20,v4_gpu_correct_salt,f06f458017629c5a46edfaa0d8ece1378292e45c5d338638f32424e3eac97f67,f06f458017629c5a46edfaa0d8ece1378292e45c5d338638f32424e3eac97f67,true
packed_ring,100,21,v4c_gpu_vector_21,v4_gpu_correct_salt,3ddee69e81280abdf8fe5a4663f3b91dc5721b31c5e0f6fec9a00f9871f1741c,3ddee69e81280abdf8fe5a4663f3b91dc5721b31c5e0f6fec9a00f9871f1741c,true
packed_noring,100,21,v4c_gpu_vector_21,v4_gpu_correct_salt,3ddee69e81280abdf8fe5a4663f3b91dc5721b31c5e0f6fec9a00f9871f1741c,3ddee69e81280abdf8fe5a4663f3b91dc5721b31c5e0f6fec9a00f9871f1741c,true
packed_prefetch,100,21,v4c_gpu_vector_21,v4_gpu_correct_salt,3ddee69e81280abdf8fe5a4663f3b91dc5721b31c5e0f6fec9a00f9871f1741c,3ddee69e81280abdf8fe5a4663f3b91dc5721b31c5e0f6fec9a00f9871f1741c,true
packed_ring,100,22,v4c_gpu_vector_22,v4_gpu_correct_salt,d3d65751208a3b3a09fab789e1353eed8a4d71c494720f241da67d45ad10505d,d3d65751208a3b3a09fab789e1353eed8a4d71c494720f241da67d45ad10505d,true
packed_noring,100,22,v4c_gpu_vector_22,v4_gpu_correct_salt,d3d65751208a3b3a09fab789e1353eed8a4d71c494720f241da67d45ad10505d,d3d65751208a3b3a09fab789e1353eed8a4d71c494720f241da67d45ad10505d,true
packed_prefetch,100,22,v4c_gpu_vector_22,v4_gpu_correct_salt,d3d65751208a3b3a09fab789e1353eed8a4d71c494720f241da67d45ad10505d,d3d65751208a3b3a09fab789e1353eed8a4d71c494720f241da67d45ad10505d,true
packed_ring,100,23,v4c_gpu_vector_23,v4_gpu_correct_salt,e1123f80eea0a828f347bfa550ced7ea9782a39ecbe6e5edce0b209951a23d2e,e1123f80eea0a828f347bfa550ced7ea9782a39ecbe6e5edce0b209951a23d2e,true
packed_noring,100,23,v4c_gpu_vector_23,v4_gpu_correct_salt,e1123f80eea0a828f347bfa550ced7ea9782a39ecbe6e5edce0b209951a23d2e,e1123f80eea0a828f347bfa550ced7ea9782a39ecbe6e5edce0b209951a23d2e,true
packed_prefetch,100,23,v4c_gpu_vector_23,v4_gpu_correct_salt,e1123f80eea0a828f347bfa550ced7ea9782a39ecbe6e5edce0b209951a23d2e,e1123f80eea0a828f347bfa550ced7ea9782a39ecbe6e5edce0b209951a23d2e,true
packed_ring,100,24,v4c_gpu_vector_24,v4_gpu_correct_salt,90f2e9a2002f28c414dc081f4782f1085ad92a230fdc591241739e041cd77342,90f2e9a2002f28c414dc081f4782f1085ad92a230fdc591241739e041cd77342,true
packed_noring,100,24,v4c_gpu_vector_24,v4_gpu_correct_salt,90f2e9a2002f28c414dc081f4782f1085ad92a230fdc591241739e041cd77342,90f2e9a2002f28c414dc081f4782f1085ad92a230fdc591241739e041cd77342,true
packed_prefetch,100,24,v4c_gpu_vector_24,v4_gpu_correct_salt,90f2e9a2002f28c414dc081f4782f1085ad92a230fdc591241739e041cd77342,90f2e9a2002f28c414dc081f4782f1085ad92a230fdc591241739e041cd77342,true
packed_ring,100,25,v4c_gpu_vector_25,v4_gpu_correct_salt,5c48e0ed984226f1d93cc37870068c4f3d2a5e4b315b429b3ca501b1b23d8db9,5c48e0ed984226f1d93cc37870068c4f3d2a5e4b315b429b3ca501b1b23d8db9,true
packed_noring,100,25,v4c_gpu_vector_25,v4_gpu_correct_salt,5c48e0ed984226f1d93cc37870068c4f3d2a5e4b315b429b3ca501b1b23d8db9,5c48e0ed984226f1d93cc37870068c4f3d2a5e4b315b429b3ca501b1b23d8db9,true
packed_prefetch,100,25,v4c_gpu_vector_25,v4_gpu_correct_salt,5c48e0ed984226f1d93cc37870068c4f3d2a5e4b315b429b3ca501b1b23d8db9,5c48e0ed984226f1d93cc37870068c4f3d2a5e4b315b429b3ca501b1b23d8db9,true
packed_ring,100,26,v4c_gpu_vector_26,v4_gpu_correct_salt,6c7cd6e71be0823a1f9c6dfdafda474039e933fe6301bc06e0956d8b42775f13,6c7cd6e71be0823a1f9c6dfdafda474039e933fe6301bc06e0956d8b42775f13,true
packed_noring,100,26,v4c_gpu_vector_26,v4_gpu_correct_salt,6c7cd6e71be0823a1f9c6dfdafda474039e933fe6301bc06e0956d8b42775f13,6c7cd6e71be0823a1f9c6dfdafda474039e933fe6301bc06e0956d8b42775f13,true
packed_prefetch,100,26,v4c_gpu_vector_26,v4_gpu_correct_salt,6c7cd6e71be0823a1f9c6dfdafda474039e933fe6301bc06e0956d8b42775f13,6c7cd6e71be0823a1f9c6dfdafda474039e933fe6301bc06e0956d8b42775f13,true
packed_ring,100,27,v4c_gpu_vector_27,v4_gpu_correct_salt,40115794eb1cbc6fe47df1141807373060c1f594e5aa3fd27e4383e2e62dae45,40115794eb1cbc6fe47df1141807373060c1f594e5aa3fd27e4383e2e62dae45,true
packed_noring,100,27,v4c_gpu_vector_27,v4_gpu_correct_salt,40115794eb1cbc6fe47df1141807373060c1f594e5aa3fd27e4383e2e62dae45,40115794eb1cbc6fe47df1141807373060c1f594e5aa3fd27e4383e2e62dae45,true
packed_prefetch,100,27,v4c_gpu_vector_27,v4_gpu_correct_salt,40115794eb1cbc6fe47df1141807373060c1f594e5aa3fd27e4383e2e62dae45,40115794eb1cbc6fe47df1141807373060c1f594e5aa3fd27e4383e2e62dae45,true
packed_ring,100,28,v4c_gpu_vector_28,v4_gpu_correct_salt,99d96d5949ed8f68a1b5e3f06f0f4e36d2c7ca17550c9f3b3a621fd4b57b1079,99d96d5949ed8f68a1b5e3f06f0f4e36d2c7ca17550c9f3b3a621fd4b57b1079,true
packed_noring,100,28,v4c_gpu_vector_28,v4_gpu_correct_salt,99d96d5949ed8f68a1b5e3f06f0f4e36d2c7ca17550c9f3b3a621fd4b57b1079,99d96d5949ed8f68a1b5e3f06f0f4e36d2c7ca17550c9f3b3a621fd4b57b1079,true
packed_prefetch,100,28,v4c_gpu_vector_28,v4_gpu_correct_salt,99d96d5949ed8f68a1b5e3f06f0f4e36d2c7ca17550c9f3b3a621fd4b57b1079,99d96d5949ed8f68a1b5e3f06f0f4e36d2c7ca17550c9f3b3a621fd4b57b1079,true
packed_ring,100,29,v4c_gpu_vector_29,v4_gpu_correct_salt,4bdd32b066529707d146b3baae810fa3c0369d90a5eb807d3d9c40188ddb83f1,4bdd32b066529707d146b3baae810fa3c0369d90a5eb807d3d9c40188ddb83f1,true
packed_noring,100,29,v4c_gpu_vector_29,v4_gpu_correct_salt,4bdd32b066529707d146b3baae810fa3c0369d90a5eb807d3d9c40188ddb83f1,4bdd32b066529707d146b3baae810fa3c0369d90a5eb807d3d9c40188ddb83f1,true
packed_prefetch,100,29,v4c_gpu_vector_29,v4_gpu_correct_salt,4bdd32b066529707d146b3baae810fa3c0369d90a5eb807d3d9c40188ddb83f1,4bdd32b066529707d146b3baae810fa3c0369d90a5eb807d3d9c40188ddb83f1,true
packed_ring,100,30,v4c_gpu_vector_30,v4_gpu_correct_salt,8d8863428afa40ed0ad0499e4a186be53a3632921d89abb980d04a32266b3004,8d8863428afa40ed0ad0499e4a186be53a3632921d89abb980d04a32266b3004,true
packed_noring,100,30,v4c_gpu_vector_30,v4_gpu_correct_salt,8d8863428afa40ed0ad0499e4a186be53a3632921d89abb980d04a32266b3004,8d8863428afa40ed0ad0499e4a186be53a3632921d89abb980d04a32266b3004,true
packed_prefetch,100,30,v4c_gpu_vector_30,v4_gpu_correct_salt,8d8863428afa40ed0ad0499e4a186be53a3632921d89abb980d04a32266b3004,8d8863428afa40ed0ad0499e4a186be53a3632921d89abb980d04a32266b3004,true
packed_ring,100,31,v4c_gpu_vector_31,v4_gpu_correct_salt,824b8d7797be70d2f355c085d93c8213cf8e586934b65ff854d1f2502f6187ae,824b8d7797be70d2f355c085d93c8213cf8e586934b65ff854d1f2502f6187ae,true
packed_noring,100,31,v4c_gpu_vector_31,v4_gpu_correct_salt,824b8d7797be70d2f355c085d93c8213cf8e586934b65ff854d1f2502f6187ae,824b8d7797be70d2f355c085d93c8213cf8e586934b65ff854d1f2502f6187ae,true
packed_prefetch,100,31,v4c_gpu_vector_31,v4_gpu_correct_salt,824b8d7797be70d2f355c085d93c8213cf8e586934b65ff854d1f2502f6187ae,824b8d7797be70d2f355c085d93c8213cf8e586934b65ff854d1f2502f6187ae,true
packed_ring,100,32,v4c_gpu_vector_32,v4_gpu_correct_salt,25a0235aaf437bb3c5d1a92e4ff1243df6c84c32abd33871cdaedab127bf0295,25a0235aaf437bb3c5d1a92e4ff1243df6c84c32abd33871cdaedab127bf0295,true
packed_noring,100,32,v4c_gpu_vector_32,v4_gpu_correct_salt,25a0235aaf437bb3c5d1a92e4ff1243df6c84c32abd33871cdaedab127bf0295,25a0235aaf437bb3c5d1a92e4ff1243df6c84c32abd33871cdaedab127bf0295,true
packed_prefetch,100,32,v4c_gpu_vector_32,v4_gpu_correct_salt,25a0235aaf437bb3c5d1a92e4ff1243df6c84c32abd33871cdaedab127bf0295,25a0235aaf437bb3c5d1a92e4ff1243df6c84c32abd33871cdaedab127bf0295,true
packed_ring,100,33,v4c_gpu_vector_33,v4_gpu_correct_salt,4476da65aaca6ea61c2fc26a163d65ff07bad50abcc90ad95ad0c49ed501d72d,4476da65aaca6ea61c2fc26a163d65ff07bad50abcc90ad95ad0c49ed501d72d,true
packed_noring,100,33,v4c_gpu_vector_33,v4_gpu_correct_salt,4476da65aaca6ea61c2fc26a163d65ff07bad50abcc90ad95ad0c49ed501d72d,4476da65aaca6ea61c2fc26a163d65ff07bad50abcc90ad95ad0c49ed501d72d,true
packed_prefetch,100,33,v4c_gpu_vector_33,v4_gpu_correct_salt,4476da65aaca6ea61c2fc26a163d65ff07bad50abcc90ad95ad0c49ed501d72d,4476da65aaca6ea61c2fc26a163d65ff07bad50abcc90ad95ad0c49ed501d72d,true
packed_ring,100,34,v4c_gpu_vector_34,v4_gpu_correct_salt,96e2798899e3c322386eda2256aed49af5464aa96b38825d49f6ee3d06fff8cd,96e2798899e3c322386eda2256aed49af5464aa96b38825d49f6ee3d06fff8cd,true
packed_noring,100,34,v4c_gpu_vector_34,v4_gpu_correct_salt,96e2798899e3c322386eda2256aed49af5464aa96b38825d49f6ee3d06fff8cd,96e2798899e3c322386eda2256aed49af5464aa96b38825d49f6ee3d06fff8cd,true
packed_prefetch,100,34,v4c_gpu_vector_34,v4_gpu_correct_salt,96e2798899e3c322386eda2256aed49af5464aa96b38825d49f6ee3d06fff8cd,96e2798899e3c322386eda2256aed49af5464aa96b38825d49f6ee3d06fff8cd,true
packed_ring,100,35,v4c_gpu_vector_35,v4_gpu_correct_salt,148661571e4f932494f7c1caae6a8abe2abf2af94d3725ada28d7bcaefba4053,148661571e4f932494f7c1caae6a8abe2abf2af94d3725ada28d7bcaefba4053,true
packed_noring,100,35,v4c_gpu_vector_35,v4_gpu_correct_salt,148661571e4f932494f7c1caae6a8abe2abf2af94d3725ada28d7bcaefba4053,148661571e4f932494f7c1caae6a8abe2abf2af94d3725ada28d7bcaefba4053,true
packed_prefetch,100,35,v4c_gpu_vector_35,v4_gpu_correct_salt,148661571e4f932494f7c1caae6a8abe2abf2af94d3725ada28d7bcaefba4053,148661571e4f932494f7c1caae6a8abe2abf2af94d3725ada28d7bcaefba4053,true
packed_ring,100,36,v4c_gpu_vector_36,v4_gpu_correct_salt,61690d482ca5af54c695f1e2d64ffc6c6a67ae47204f954ee0f156e9d0648fca,61690d482ca5af54c695f1e2d64ffc6c6a67ae47204f954ee0f156e9d0648fca,true
packed_noring,100,36,v4c_gpu_vector_36,v4_gpu_correct_salt,61690d482ca5af54c695f1e2d64ffc6c6a67ae47204f954ee0f156e9d0648fca,61690d482ca5af54c695f1e2d64ffc6c6a67ae47204f954ee0f156e9d0648fca,true
packed_prefetch,100,36,v4c_gpu_vector_36,v4_gpu_correct_salt,61690d482ca5af54c695f1e2d64ffc6c6a67ae47204f954ee0f156e9d0648fca,61690d482ca5af54c695f1e2d64ffc6c6a67ae47204f954ee0f156e9d0648fca,true
packed_ring,100,37,v4c_gpu_vector_37,v4_gpu_correct_salt,864bfdb17fa2059dfab977b7ab230841bee8df7df4904865e70cceb39f730138,864bfdb17fa2059dfab977b7ab230841bee8df7df4904865e70cceb39f730138,true
packed_noring,100,37,v4c_gpu_vector_37,v4_gpu_correct_salt,864bfdb17fa2059dfab977b7ab230841bee8df7df4904865e70cceb39f730138,864bfdb17fa2059dfab977b7ab230841bee8df7df4904865e70cceb39f730138,true
packed_prefetch,100,37,v4c_gpu_vector_37,v4_gpu_correct_salt,864bfdb17fa2059dfab977b7ab230841bee8df7df4904865e70cceb39f730138,864bfdb17fa2059dfab977b7ab230841bee8df7df4904865e70cceb39f730138,true
packed_ring,100,38,v4c_gpu_vector_38,v4_gpu_correct_salt,15a48826b0638fc27e523085a4349630c1aa3fd17136b8b4e6d797dc3a1970d6,15a48826b0638fc27e523085a4349630c1aa3fd17136b8b4e6d797dc3a1970d6,true
packed_noring,100,38,v4c_gpu_vector_38,v4_gpu_correct_salt,15a48826b0638fc27e523085a4349630c1aa3fd17136b8b4e6d797dc3a1970d6,15a48826b0638fc27e523085a4349630c1aa3fd17136b8b4e6d797dc3a1970d6,true
packed_prefetch,100,38,v4c_gpu_vector_38,v4_gpu_correct_salt,15a48826b0638fc27e523085a4349630c1aa3fd17136b8b4e6d797dc3a1970d6,15a48826b0638fc27e523085a4349630c1aa3fd17136b8b4e6d797dc3a1970d6,true
packed_ring,100,39,v4c_gpu_vector_39,v4_gpu_correct_salt,1b3c3c4bae5f8accd454e14b2f6d283267997b188e701f333bcd0ecfc22b6377,1b3c3c4bae5f8accd454e14b2f6d283267997b188e701f333bcd0ecfc22b6377,true
packed_noring,100,39,v4c_gpu_vector_39,v4_gpu_correct_salt,1b3c3c4bae5f8accd454e14b2f6d283267997b188e701f333bcd0ecfc22b6377,1b3c3c4bae5f8accd454e14b2f6d283267997b188e701f333bcd0ecfc22b6377,true
packed_prefetch,100,39,v4c_gpu_vector_39,v4_gpu_correct_salt,1b3c3c4bae5f8accd454e14b2f6d283267997b188e701f333bcd0ecfc22b6377,1b3c3c4bae5f8accd454e14b2f6d283267997b188e701f333bcd0ecfc22b6377,true
packed_ring,100,40,v4c_gpu_vector_40,v4_gpu_correct_salt,60e1d6574df2e70596b70d8c65a339475bb775769e1e6e3ebefed704f2de55a0,60e1d6574df2e70596b70d8c65a339475bb775769e1e6e3ebefed704f2de55a0,true
packed_noring,100,40,v4c_gpu_vector_40,v4_gpu_correct_salt,60e1d6574df2e70596b70d8c65a339475bb775769e1e6e3ebefed704f2de55a0,60e1d6574df2e70596b70d8c65a339475bb775769e1e6e3ebefed704f2de55a0,true
packed_prefetch,100,40,v4c_gpu_vector_40,v4_gpu_correct_salt,60e1d6574df2e70596b70d8c65a339475bb775769e1e6e3ebefed704f2de55a0,60e1d6574df2e70596b70d8c65a339475bb775769e1e6e3ebefed704f2de55a0,true
packed_ring,100,41,v4c_gpu_vector_41,v4_gpu_correct_salt,92007e42500e9277bafa34d41f5d14327dd20dabbf9485a01d14aa372b6f85d6,92007e42500e9277bafa34d41f5d14327dd20dabbf9485a01d14aa372b6f85d6,true
packed_noring,100,41,v4c_gpu_vector_41,v4_gpu_correct_salt,92007e42500e9277bafa34d41f5d14327dd20dabbf9485a01d14aa372b6f85d6,92007e42500e9277bafa34d41f5d14327dd20dabbf9485a01d14aa372b6f85d6,true
packed_prefetch,100,41,v4c_gpu_vector_41,v4_gpu_correct_salt,92007e42500e9277bafa34d41f5d14327dd20dabbf9485a01d14aa372b6f85d6,92007e42500e9277bafa34d41f5d14327dd20dabbf9485a01d14aa372b6f85d6,true
packed_ring,100,42,v4c_gpu_vector_42,v4_gpu_correct_salt,430bb58dc80b80272e07506f52c99f8a9b8b8e18818af251553faf34ef5b1b63,430bb58dc80b80272e07506f52c99f8a9b8b8e18818af251553faf34ef5b1b63,true
packed_noring,100,42,v4c_gpu_vector_42,v4_gpu_correct_salt,430bb58dc80b80272e07506f52c99f8a9b8b8e18818af251553faf34ef5b1b63,430bb58dc80b80272e07506f52c99f8a9b8b8e18818af251553faf34ef5b1b63,true
packed_prefetch,100,42,v4c_gpu_vector_42,v4_gpu_correct_salt,430bb58dc80b80272e07506f52c99f8a9b8b8e18818af251553faf34ef5b1b63,430bb58dc80b80272e07506f52c99f8a9b8b8e18818af251553faf34ef5b1b63,true
packed_ring,100,43,v4c_gpu_vector_43,v4_gpu_correct_salt,2200400f8326c7381867dfed6dcd56b4d6a7247cf6b0d2fc6a81712ee9a5707b,2200400f8326c7381867dfed6dcd56b4d6a7247cf6b0d2fc6a81712ee9a5707b,true
packed_noring,100,43,v4c_gpu_vector_43,v4_gpu_correct_salt,2200400f8326c7381867dfed6dcd56b4d6a7247cf6b0d2fc6a81712ee9a5707b,2200400f8326c7381867dfed6dcd56b4d6a7247cf6b0d2fc6a81712ee9a5707b,true
packed_prefetch,100,43,v4c_gpu_vector_43,v4_gpu_correct_salt,2200400f8326c7381867dfed6dcd56b4d6a7247cf6b0d2fc6a81712ee9a5707b,2200400f8326c7381867dfed6dcd56b4d6a7247cf6b0d2fc6a81712ee9a5707b,true
packed_ring,100,44,v4c_gpu_vector_44,v4_gpu_correct_salt,7eb951169f27878fc2d9ecb77dffce7087b6d78051e3ce8a961d8b9d83181385,7eb951169f27878fc2d9ecb77dffce7087b6d78051e3ce8a961d8b9d83181385,true
packed_noring,100,44,v4c_gpu_vector_44,v4_gpu_correct_salt,7eb951169f27878fc2d9ecb77dffce7087b6d78051e3ce8a961d8b9d83181385,7eb951169f27878fc2d9ecb77dffce7087b6d78051e3ce8a961d8b9d83181385,true
packed_prefetch,100,44,v4c_gpu_vector_44,v4_gpu_correct_salt,7eb951169f27878fc2d9ecb77dffce7087b6d78051e3ce8a961d8b9d83181385,7eb951169f27878fc2d9ecb77dffce7087b6d78051e3ce8a961d8b9d83181385,true
packed_ring,100,45,v4c_gpu_vector_45,v4_gpu_correct_salt,eff223f1099c895df2b7bafde41b194a17710aa6f59b408309d275c900fafcbc,eff223f1099c895df2b7bafde41b194a17710aa6f59b408309d275c900fafcbc,true
packed_noring,100,45,v4c_gpu_vector_45,v4_gpu_correct_salt,eff223f1099c895df2b7bafde41b194a17710aa6f59b408309d275c900fafcbc,eff223f1099c895df2b7bafde41b194a17710aa6f59b408309d275c900fafcbc,true
packed_prefetch,100,45,v4c_gpu_vector_45,v4_gpu_correct_salt,eff223f1099c895df2b7bafde41b194a17710aa6f59b408309d275c900fafcbc,eff223f1099c895df2b7bafde41b194a17710aa6f59b408309d275c900fafcbc,true
packed_ring,100,46,v4c_gpu_vector_46,v4_gpu_correct_salt,3d538c0178a60675f3dd7de7246d31b6b4e7526a92c0cc87fdfb1f8419be9fc5,3d538c0178a60675f3dd7de7246d31b6b4e7526a92c0cc87fdfb1f8419be9fc5,true
packed_noring,100,46,v4c_gpu_vector_46,v4_gpu_correct_salt,3d538c0178a60675f3dd7de7246d31b6b4e7526a92c0cc87fdfb1f8419be9fc5,3d538c0178a60675f3dd7de7246d31b6b4e7526a92c0cc87fdfb1f8419be9fc5,true
packed_prefetch,100,46,v4c_gpu_vector_46,v4_gpu_correct_salt,3d538c0178a60675f3dd7de7246d31b6b4e7526a92c0cc87fdfb1f8419be9fc5,3d538c0178a60675f3dd7de7246d31b6b4e7526a92c0cc87fdfb1f8419be9fc5,true
packed_ring,100,47,v4c_gpu_vector_47,v4_gpu_correct_salt,0a9bbca7503f20f48fc2c51d0a23a089bfca1e81b8159968f336224e799e0cb9,0a9bbca7503f20f48fc2c51d0a23a089bfca1e81b8159968f336224e799e0cb9,true
packed_noring,100,47,v4c_gpu_vector_47,v4_gpu_correct_salt,0a9bbca7503f20f48fc2c51d0a23a089bfca1e81b8159968f336224e799e0cb9,0a9bbca7503f20f48fc2c51d0a23a089bfca1e81b8159968f336224e799e0cb9,true
packed_prefetch,100,47,v4c_gpu_vector_47,v4_gpu_correct_salt,0a9bbca7503f20f48fc2c51d0a23a089bfca1e81b8159968f336224e799e0cb9,0a9bbca7503f20f48fc2c51d0a23a089bfca1e81b8159968f336224e799e0cb9,true
packed_ring,100,48,v4c_gpu_vector_48,v4_gpu_correct_salt,5824e6970ee64ee1d62c06090170266babb04f0ed6a896a2f5849db243c38771,5824e6970ee64ee1d62c06090170266babb04f0ed6a896a2f5849db243c38771,true
packed_noring,100,48,v4c_gpu_vector_48,v4_gpu_correct_salt,5824e6970ee64ee1d62c06090170266babb04f0ed6a896a2f5849db243c38771,5824e6970ee64ee1d62c06090170266babb04f0ed6a896a2f5849db243c38771,true
packed_prefetch,100,48,v4c_gpu_vector_48,v4_gpu_correct_salt,5824e6970ee64ee1d62c06090170266babb04f0ed6a896a2f5849db243c38771,5824e6970ee64ee1d62c06090170266babb04f0ed6a896a2f5849db243c38771,true
packed_ring,100,49,v4c_gpu_vector_49,v4_gpu_correct_salt,c8da87045df80db896bf7cbc8cee450be1519b4426db1d7289f97a537d535687,c8da87045df80db896bf7cbc8cee450be1519b4426db1d7289f97a537d535687,true
packed_noring,100,49,v4c_gpu_vector_49,v4_gpu_correct_salt,c8da87045df80db896bf7cbc8cee450be1519b4426db1d7289f97a537d535687,c8da87045df80db896bf7cbc8cee450be1519b4426db1d7289f97a537d535687,true
packed_prefetch,100,49,v4c_gpu_vector_49,v4_gpu_correct_salt,c8da87045df80db896bf7cbc8cee450be1519b4426db1d7289f97a537d535687,c8da87045df80db896bf7cbc8cee450be1519b4426db1d7289f97a537d535687,true
packed_ring,100,50,v4c_gpu_vector_50,v4_gpu_correct_salt,6e74f54f5bea374225007995047bfdcac30372655a3d22e631d777e9086d1da3,6e74f54f5bea374225007995047bfdcac30372655a3d22e631d777e9086d1da3,true
packed_noring,100,50,v4c_gpu_vector_50,v4_gpu_correct_salt,6e74f54f5bea374225007995047bfdcac30372655a3d22e631d777e9086d1da3,6e74f54f5bea374225007995047bfdcac30372655a3d22e631d777e9086d1da3,true
packed_prefetch,100,50,v4c_gpu_vector_50,v4_gpu_correct_salt,6e74f54f5bea374225007995047bfdcac30372655a3d22e631d777e9086d1da3,6e74f54f5bea374225007995047bfdcac30372655a3d22e631d777e9086d1da3,true
packed_ring,100,51,v4c_gpu_vector_51,v4_gpu_correct_salt,2f56e669c16b6b09418e1f3e29c67493469782804564a3805b10fee59c008e5d,2f56e669c16b6b09418e1f3e29c67493469782804564a3805b10fee59c008e5d,true
packed_noring,100,51,v4c_gpu_vector_51,v4_gpu_correct_salt,2f56e669c16b6b09418e1f3e29c67493469782804564a3805b10fee59c008e5d,2f56e669c16b6b09418e1f3e29c67493469782804564a3805b10fee59c008e5d,true
packed_prefetch,100,51,v4c_gpu_vector_51,v4_gpu_correct_salt,2f56e669c16b6b09418e1f3e29c67493469782804564a3805b10fee59c008e5d,2f56e669c16b6b09418e1f3e29c67493469782804564a3805b10fee59c008e5d,true
packed_ring,100,52,v4c_gpu_vector_52,v4_gpu_correct_salt,547ffd168792dccc740453071903f0f562167d44c3dd59a2774de4af98be3be0,547ffd168792dccc740453071903f0f562167d44c3dd59a2774de4af98be3be0,true
packed_noring,100,52,v4c_gpu_vector_52,v4_gpu_correct_salt,547ffd168792dccc740453071903f0f562167d44c3dd59a2774de4af98be3be0,547ffd168792dccc740453071903f0f562167d44c3dd59a2774de4af98be3be0,true
packed_prefetch,100,52,v4c_gpu_vector_52,v4_gpu_correct_salt,547ffd168792dccc740453071903f0f562167d44c3dd59a2774de4af98be3be0,547ffd168792dccc740453071903f0f562167d44c3dd59a2774de4af98be3be0,true
packed_ring,100,53,v4c_gpu_vector_53,v4_gpu_correct_salt,c0045b4a248d34d117247ff0ed4e2c81289ae434b67a6e15b28185506cc3324f,c0045b4a248d34d117247ff0ed4e2c81289ae434b67a6e15b28185506cc3324f,true
packed_noring,100,53,v4c_gpu_vector_53,v4_gpu_correct_salt,c0045b4a248d34d117247ff0ed4e2c81289ae434b67a6e15b28185506cc3324f,c0045b4a248d34d117247ff0ed4e2c81289ae434b67a6e15b28185506cc3324f,true
packed_prefetch,100,53,v4c_gpu_vector_53,v4_gpu_correct_salt,c0045b4a248d34d117247ff0ed4e2c81289ae434b67a6e15b28185506cc3324f,c0045b4a248d34d117247ff0ed4e2c81289ae434b67a6e15b28185506cc3324f,true
packed_ring,100,54,v4c_gpu_vector_54,v4_gpu_correct_salt,b6136abcbf503e0fe301d7ed2486e9ff6de0d0b3209f3406ce8783bb9cc02b88,b6136abcbf503e0fe301d7ed2486e9ff6de0d0b3209f3406ce8783bb9cc02b88,true
packed_noring,100,54,v4c_gpu_vector_54,v4_gpu_correct_salt,b6136abcbf503e0fe301d7ed2486e9ff6de0d0b3209f3406ce8783bb9cc02b88,b6136abcbf503e0fe301d7ed2486e9ff6de0d0b3209f3406ce8783bb9cc02b88,true
packed_prefetch,100,54,v4c_gpu_vector_54,v4_gpu_correct_salt,b6136abcbf503e0fe301d7ed2486e9ff6de0d0b3209f3406ce8783bb9cc02b88,b6136abcbf503e0fe301d7ed2486e9ff6de0d0b3209f3406ce8783bb9cc02b88,true
packed_ring,100,55,v4c_gpu_vector_55,v4_gpu_correct_salt,38d6b00ad06776227250b8d7965c0cfd6df9634df6c304b94fd24c41a46e4da9,38d6b00ad06776227250b8d7965c0cfd6df9634df6c304b94fd24c41a46e4da9,true
packed_noring,100,55,v4c_gpu_vector_55,v4_gpu_correct_salt,38d6b00ad06776227250b8d7965c0cfd6df9634df6c304b94fd24c41a46e4da9,38d6b00ad06776227250b8d7965c0cfd6df9634df6c304b94fd24c41a46e4da9,true
packed_prefetch,100,55,v4c_gpu_vector_55,v4_gpu_correct_salt,38d6b00ad06776227250b8d7965c0cfd6df9634df6c304b94fd24c41a46e4da9,38d6b00ad06776227250b8d7965c0cfd6df9634df6c304b94fd24c41a46e4da9,true
packed_ring,100,56,v4c_gpu_vector_56,v4_gpu_correct_salt,bb737e36ccdad520e50d74404f64b1b514681f9abe3cbec9675c6e057b45a345,bb737e36ccdad520e50d74404f64b1b514681f9abe3cbec9675c6e057b45a345,true
packed_noring,100,56,v4c_gpu_vector_56,v4_gpu_correct_salt,bb737e36ccdad520e50d74404f64b1b514681f9abe3cbec9675c6e057b45a345,bb737e36ccdad520e50d74404f64b1b514681f9abe3cbec9675c6e057b45a345,true
packed_prefetch,100,56,v4c_gpu_vector_56,v4_gpu_correct_salt,bb737e36ccdad520e50d74404f64b1b514681f9abe3cbec9675c6e057b45a345,bb737e36ccdad520e50d74404f64b1b514681f9abe3cbec9675c6e057b45a345,true
packed_ring,100,57,v4c_gpu_vector_57,v4_gpu_correct_salt,58d533788532c3aa28fd88b6bd636e178faa2dde09caffa785ebd18b6278233c,58d533788532c3aa28fd88b6bd636e178faa2dde09caffa785ebd18b6278233c,true
packed_noring,100,57,v4c_gpu_vector_57,v4_gpu_correct_salt,58d533788532c3aa28fd88b6bd636e178faa2dde09caffa785ebd18b6278233c,58d533788532c3aa28fd88b6bd636e178faa2dde09caffa785ebd18b6278233c,true
packed_prefetch,100,57,v4c_gpu_vector_57,v4_gpu_correct_salt,58d533788532c3aa28fd88b6bd636e178faa2dde09caffa785ebd18b6278233c,58d533788532c3aa28fd88b6bd636e178faa2dde09caffa785ebd18b6278233c,true
packed_ring,100,58,v4c_gpu_vector_58,v4_gpu_correct_salt,8d35d0ac473040175590969ffb1beb3ea411999269adc5c605dfbadb8ed22aaf,8d35d0ac473040175590969ffb1beb3ea411999269adc5c605dfbadb8ed22aaf,true
packed_noring,100,58,v4c_gpu_vector_58,v4_gpu_correct_salt,8d35d0ac473040175590969ffb1beb3ea411999269adc5c605dfbadb8ed22aaf,8d35d0ac473040175590969ffb1beb3ea411999269adc5c605dfbadb8ed22aaf,true
packed_prefetch,100,58,v4c_gpu_vector_58,v4_gpu_correct_salt,8d35d0ac473040175590969ffb1beb3ea411999269adc5c605dfbadb8ed22aaf,8d35d0ac473040175590969ffb1beb3ea411999269adc5c605dfbadb8ed22aaf,true
packed_ring,100,59,v4c_gpu_vector_59,v4_gpu_correct_salt,c1edc4016ba0b70b788f53e29f198ea6c72bfa4925d0ed8524c98c55ce6ad9de,c1edc4016ba0b70b788f53e29f198ea6c72bfa4925d0ed8524c98c55ce6ad9de,true
packed_noring,100,59,v4c_gpu_vector_59,v4_gpu_correct_salt,c1edc4016ba0b70b788f53e29f198ea6c72bfa4925d0ed8524c98c55ce6ad9de,c1edc4016ba0b70b788f53e29f198ea6c72bfa4925d0ed8524c98c55ce6ad9de,true
packed_prefetch,100,59,v4c_gpu_vector_59,v4_gpu_correct_salt,c1edc4016ba0b70b788f53e29f198ea6c72bfa4925d0ed8524c98c55ce6ad9de,c1edc4016ba0b70b788f53e29f198ea6c72bfa4925d0ed8524c98c55ce6ad9de,true
packed_ring,100,60,v4c_gpu_vector_60,v4_gpu_correct_salt,8f2c1c8bc3e79740138b5da604234b0eb4cb172ed518867f07fd8110b104caff,8f2c1c8bc3e79740138b5da604234b0eb4cb172ed518867f07fd8110b104caff,true
packed_noring,100,60,v4c_gpu_vector_60,v4_gpu_correct_salt,8f2c1c8bc3e79740138b5da604234b0eb4cb172ed518867f07fd8110b104caff,8f2c1c8bc3e79740138b5da604234b0eb4cb172ed518867f07fd8110b104caff,true
packed_prefetch,100,60,v4c_gpu_vector_60,v4_gpu_correct_salt,8f2c1c8bc3e79740138b5da604234b0eb4cb172ed518867f07fd8110b104caff,8f2c1c8bc3e79740138b5da604234b0eb4cb172ed518867f07fd8110b104caff,true
packed_ring,100,61,v4c_gpu_vector_61,v4_gpu_correct_salt,2ea451cd1900374f61936484d54452eea76fd78183dde92c6a6592f2d5b7e36e,2ea451cd1900374f61936484d54452eea76fd78183dde92c6a6592f2d5b7e36e,true
packed_noring,100,61,v4c_gpu_vector_61,v4_gpu_correct_salt,2ea451cd1900374f61936484d54452eea76fd78183dde92c6a6592f2d5b7e36e,2ea451cd1900374f61936484d54452eea76fd78183dde92c6a6592f2d5b7e36e,true
packed_prefetch,100,61,v4c_gpu_vector_61,v4_gpu_correct_salt,2ea451cd1900374f61936484d54452eea76fd78183dde92c6a6592f2d5b7e36e,2ea451cd1900374f61936484d54452eea76fd78183dde92c6a6592f2d5b7e36e,true
packed_ring,100,62,v4c_gpu_vector_62,v4_gpu_correct_salt,662ff854b14464a0686de800dace9706d67608b0b4fe30a731922ffac84c42b0,662ff854b14464a0686de800dace9706d67608b0b4fe30a731922ffac84c42b0,true
packed_noring,100,62,v4c_gpu_vector_62,v4_gpu_correct_salt,662ff854b14464a0686de800dace9706d67608b0b4fe30a731922ffac84c42b0,662ff854b14464a0686de800dace9706d67608b0b4fe30a731922ffac84c42b0,true
packed_prefetch,100,62,v4c_gpu_vector_62,v4_gpu_correct_salt,662ff854b14464a0686de800dace9706d67608b0b4fe30a731922ffac84c42b0,662ff854b14464a0686de800dace9706d67608b0b4fe30a731922ffac84c42b0,true
packed_ring,100,63,v4c_gpu_vector_63,v4_gpu_correct_salt,fd26998b947a0ed66fe055cc0341824116d45ff61d58293067d01a9bb174b9c0,fd26998b947a0ed66fe055cc0341824116d45ff61d58293067d01a9bb174b9c0,true
packed_noring,100,63,v4c_gpu_vector_63,v4_gpu_correct_salt,fd26998b947a0ed66fe055cc0341824116d45ff61d58293067d01a9bb174b9c0,fd26998b947a0ed66fe055cc0341824116d45ff61d58293067d01a9bb174b9c0,true
packed_prefetch,100,63,v4c_gpu_vector_63,v4_gpu_correct_salt,fd26998b947a0ed66fe055cc0341824116d45ff61d58293067d01a9bb174b9c0,fd26998b947a0ed66fe055cc0341824116d45ff61d58293067d01a9bb174b9c0,true
packed_ring,100,64,v4c_gpu_vector_64,v4_gpu_correct_salt,8772ca073af5161ae4429ec14b9067277f4c2552dac5b34e1b7ec76951c46792,8772ca073af5161ae4429ec14b9067277f4c2552dac5b34e1b7ec76951c46792,true
packed_noring,100,64,v4c_gpu_vector_64,v4_gpu_correct_salt,8772ca073af5161ae4429ec14b9067277f4c2552dac5b34e1b7ec76951c46792,8772ca073af5161ae4429ec14b9067277f4c2552dac5b34e1b7ec76951c46792,true
packed_prefetch,100,64,v4c_gpu_vector_64,v4_gpu_correct_salt,8772ca073af5161ae4429ec14b9067277f4c2552dac5b34e1b7ec76951c46792,8772ca073af5161ae4429ec14b9067277f4c2552dac5b34e1b7ec76951c46792,true
packed_ring,100,65,v4c_gpu_vector_65,v4_gpu_correct_salt,9c9a33926b2a7f1f64d7e3b3e9dc212e5c3fd1873d0482ce6a52c65438e7c766,9c9a33926b2a7f1f64d7e3b3e9dc212e5c3fd1873d0482ce6a52c65438e7c766,true
packed_noring,100,65,v4c_gpu_vector_65,v4_gpu_correct_salt,9c9a33926b2a7f1f64d7e3b3e9dc212e5c3fd1873d0482ce6a52c65438e7c766,9c9a33926b2a7f1f64d7e3b3e9dc212e5c3fd1873d0482ce6a52c65438e7c766,true
packed_prefetch,100,65,v4c_gpu_vector_65,v4_gpu_correct_salt,9c9a33926b2a7f1f64d7e3b3e9dc212e5c3fd1873d0482ce6a52c65438e7c766,9c9a33926b2a7f1f64d7e3b3e9dc212e5c3fd1873d0482ce6a52c65438e7c766,true
packed_ring,100,66,v4c_gpu_vector_66,v4_gpu_correct_salt,404f313c941291ae55f2910694e852c3033289f620f0cf674780441a9826d7d3,404f313c941291ae55f2910694e852c3033289f620f0cf674780441a9826d7d3,true
packed_noring,100,66,v4c_gpu_vector_66,v4_gpu_correct_salt,404f313c941291ae55f2910694e852c3033289f620f0cf674780441a9826d7d3,404f313c941291ae55f2910694e852c3033289f620f0cf674780441a9826d7d3,true
packed_prefetch,100,66,v4c_gpu_vector_66,v4_gpu_correct_salt,404f313c941291ae55f2910694e852c3033289f620f0cf674780441a9826d7d3,404f313c941291ae55f2910694e852c3033289f620f0cf674780441a9826d7d3,true
packed_ring,100,67,v4c_gpu_vector_67,v4_gpu_correct_salt,d6594f75114a1a7b5f7e276e9ee45c5761cb390be1f4ee34b3af3f9a58a45fbe,d6594f75114a1a7b5f7e276e9ee45c5761cb390be1f4ee34b3af3f9a58a45fbe,true
packed_noring,100,67,v4c_gpu_vector_67,v4_gpu_correct_salt,d6594f75114a1a7b5f7e276e9ee45c5761cb390be1f4ee34b3af3f9a58a45fbe,d6594f75114a1a7b5f7e276e9ee45c5761cb390be1f4ee34b3af3f9a58a45fbe,true
packed_prefetch,100,67,v4c_gpu_vector_67,v4_gpu_correct_salt,d6594f75114a1a7b5f7e276e9ee45c5761cb390be1f4ee34b3af3f9a58a45fbe,d6594f75114a1a7b5f7e276e9ee45c5761cb390be1f4ee34b3af3f9a58a45fbe,true
packed_ring,100,68,v4c_gpu_vector_68,v4_gpu_correct_salt,194d2ea07e7b6562dc335f2345391a325040ac3f772ece74a1df5e0d8d559847,194d2ea07e7b6562dc335f2345391a325040ac3f772ece74a1df5e0d8d559847,true
packed_noring,100,68,v4c_gpu_vector_68,v4_gpu_correct_salt,194d2ea07e7b6562dc335f2345391a325040ac3f772ece74a1df5e0d8d559847,194d2ea07e7b6562dc335f2345391a325040ac3f772ece74a1df5e0d8d559847,true
packed_prefetch,100,68,v4c_gpu_vector_68,v4_gpu_correct_salt,194d2ea07e7b6562dc335f2345391a325040ac3f772ece74a1df5e0d8d559847,194d2ea07e7b6562dc335f2345391a325040ac3f772ece74a1df5e0d8d559847,true
packed_ring,100,69,v4c_gpu_vector_69,v4_gpu_correct_salt,eb030f7b4551a2897edc66deade4dbf17ce92caf255f8e4eaf6921d4472782cb,eb030f7b4551a2897edc66deade4dbf17ce92caf255f8e4eaf6921d4472782cb,true
packed_noring,100,69,v4c_gpu_vector_69,v4_gpu_correct_salt,eb030f7b4551a2897edc66deade4dbf17ce92caf255f8e4eaf6921d4472782cb,eb030f7b4551a2897edc66deade4dbf17ce92caf255f8e4eaf6921d4472782cb,true
packed_prefetch,100,69,v4c_gpu_vector_69,v4_gpu_correct_salt,eb030f7b4551a2897edc66deade4dbf17ce92caf255f8e4eaf6921d4472782cb,eb030f7b4551a2897edc66deade4dbf17ce92caf255f8e4eaf6921d4472782cb,true
packed_ring,100,70,v4c_gpu_vector_70,v4_gpu_correct_salt,3a223b344d21c0b9041ccdc1eb9e8beb8637b63d9ef904477ad0947d6fc5b097,3a223b344d21c0b9041ccdc1eb9e8beb8637b63d9ef904477ad0947d6fc5b097,true
packed_noring,100,70,v4c_gpu_vector_70,v4_gpu_correct_salt,3a223b344d21c0b9041ccdc1eb9e8beb8637b63d9ef904477ad0947d6fc5b097,3a223b344d21c0b9041ccdc1eb9e8beb8637b63d9ef904477ad0947d6fc5b097,true
packed_prefetch,100,70,v4c_gpu_vector_70,v4_gpu_correct_salt,3a223b344d21c0b9041ccdc1eb9e8beb8637b63d9ef904477ad0947d6fc5b097,3a223b344d21c0b9041ccdc1eb9e8beb8637b63d9ef904477ad0947d6fc5b097,true
packed_ring,100,71,v4c_gpu_vector_71,v4_gpu_correct_salt,985ad7cd7263af68536897e5f75c78cd286e9f5ba29d49cd97306f858905c2c3,985ad7cd7263af68536897e5f75c78cd286e9f5ba29d49cd97306f858905c2c3,true
packed_noring,100,71,v4c_gpu_vector_71,v4_gpu_correct_salt,985ad7cd7263af68536897e5f75c78cd286e9f5ba29d49cd97306f858905c2c3,985ad7cd7263af68536897e5f75c78cd286e9f5ba29d49cd97306f858905c2c3,true
packed_prefetch,100,71,v4c_gpu_vector_71,v4_gpu_correct_salt,985ad7cd7263af68536897e5f75c78cd286e9f5ba29d49cd97306f858905c2c3,985ad7cd7263af68536897e5f75c78cd286e9f5ba29d49cd97306f858905c2c3,true
packed_ring,100,72,v4c_gpu_vector_72,v4_gpu_correct_salt,aa56bf8660906d898ad3831a52e9832fec0043296fc8c82d9d6bd26090a2f2eb,aa56bf8660906d898ad3831a52e9832fec0043296fc8c82d9d6bd26090a2f2eb,true
packed_noring,100,72,v4c_gpu_vector_72,v4_gpu_correct_salt,aa56bf8660906d898ad3831a52e9832fec0043296fc8c82d9d6bd26090a2f2eb,aa56bf8660906d898ad3831a52e9832fec0043296fc8c82d9d6bd26090a2f2eb,true
packed_prefetch,100,72,v4c_gpu_vector_72,v4_gpu_correct_salt,aa56bf8660906d898ad3831a52e9832fec0043296fc8c82d9d6bd26090a2f2eb,aa56bf8660906d898ad3831a52e9832fec0043296fc8c82d9d6bd26090a2f2eb,true
packed_ring,100,73,v4c_gpu_vector_73,v4_gpu_correct_salt,b367cb0762a45c1f7111851fe7bf9dab1bef7a17873942ae9452dc61beb49bff,b367cb0762a45c1f7111851fe7bf9dab1bef7a17873942ae9452dc61beb49bff,true
packed_noring,100,73,v4c_gpu_vector_73,v4_gpu_correct_salt,b367cb0762a45c1f7111851fe7bf9dab1bef7a17873942ae9452dc61beb49bff,b367cb0762a45c1f7111851fe7bf9dab1bef7a17873942ae9452dc61beb49bff,true
packed_prefetch,100,73,v4c_gpu_vector_73,v4_gpu_correct_salt,b367cb0762a45c1f7111851fe7bf9dab1bef7a17873942ae9452dc61beb49bff,b367cb0762a45c1f7111851fe7bf9dab1bef7a17873942ae9452dc61beb49bff,true
packed_ring,100,74,v4c_gpu_vector_74,v4_gpu_correct_salt,120346712cf7cc60f9e171a4ffa1e1789668108a644aab9e622a19d72ac33e19,120346712cf7cc60f9e171a4ffa1e1789668108a644aab9e622a19d72ac33e19,true
packed_noring,100,74,v4c_gpu_vector_74,v4_gpu_correct_salt,120346712cf7cc60f9e171a4ffa1e1789668108a644aab9e622a19d72ac33e19,120346712cf7cc60f9e171a4ffa1e1789668108a644aab9e622a19d72ac33e19,true
packed_prefetch,100,74,v4c_gpu_vector_74,v4_gpu_correct_salt,120346712cf7cc60f9e171a4ffa1e1789668108a644aab9e622a19d72ac33e19,120346712cf7cc60f9e171a4ffa1e1789668108a644aab9e622a19d72ac33e19,true
packed_ring,100,75,v4c_gpu_vector_75,v4_gpu_correct_salt,b32c4eaed31be678cd0947949095e51a22bb433ad1c32fe2a4ce15c93c9e9d70,b32c4eaed31be678cd0947949095e51a22bb433ad1c32fe2a4ce15c93c9e9d70,true
packed_noring,100,75,v4c_gpu_vector_75,v4_gpu_correct_salt,b32c4eaed31be678cd0947949095e51a22bb433ad1c32fe2a4ce15c93c9e9d70,b32c4eaed31be678cd0947949095e51a22bb433ad1c32fe2a4ce15c93c9e9d70,true
packed_prefetch,100,75,v4c_gpu_vector_75,v4_gpu_correct_salt,b32c4eaed31be678cd0947949095e51a22bb433ad1c32fe2a4ce15c93c9e9d70,b32c4eaed31be678cd0947949095e51a22bb433ad1c32fe2a4ce15c93c9e9d70,true
packed_ring,100,76,v4c_gpu_vector_76,v4_gpu_correct_salt,7397413aab9acf80cb7af5ec992e80670399d9d8f5c649bca6dc3b28755e5acf,7397413aab9acf80cb7af5ec992e80670399d9d8f5c649bca6dc3b28755e5acf,true
packed_noring,100,76,v4c_gpu_vector_76,v4_gpu_correct_salt,7397413aab9acf80cb7af5ec992e80670399d9d8f5c649bca6dc3b28755e5acf,7397413aab9acf80cb7af5ec992e80670399d9d8f5c649bca6dc3b28755e5acf,true
packed_prefetch,100,76,v4c_gpu_vector_76,v4_gpu_correct_salt,7397413aab9acf80cb7af5ec992e80670399d9d8f5c649bca6dc3b28755e5acf,7397413aab9acf80cb7af5ec992e80670399d9d8f5c649bca6dc3b28755e5acf,true
packed_ring,100,77,v4c_gpu_vector_77,v4_gpu_correct_salt,38087c7205216fc91f90c010257b6091d2c54fdf22c29b4a00b564a562c63d22,38087c7205216fc91f90c010257b6091d2c54fdf22c29b4a00b564a562c63d22,true
packed_noring,100,77,v4c_gpu_vector_77,v4_gpu_correct_salt,38087c7205216fc91f90c010257b6091d2c54fdf22c29b4a00b564a562c63d22,38087c7205216fc91f90c010257b6091d2c54fdf22c29b4a00b564a562c63d22,true
packed_prefetch,100,77,v4c_gpu_vector_77,v4_gpu_correct_salt,38087c7205216fc91f90c010257b6091d2c54fdf22c29b4a00b564a562c63d22,38087c7205216fc91f90c010257b6091d2c54fdf22c29b4a00b564a562c63d22,true
packed_ring,100,78,v4c_gpu_vector_78,v4_gpu_correct_salt,23b6e6ad584ee95a80bc1e7214c4b99bcdad5bb5dab5466620596c368a9ff45d,23b6e6ad584ee95a80bc1e7214c4b99bcdad5bb5dab5466620596c368a9ff45d,true
packed_noring,100,78,v4c_gpu_vector_78,v4_gpu_correct_salt,23b6e6ad584ee95a80bc1e7214c4b99bcdad5bb5dab5466620596c368a9ff45d,23b6e6ad584ee95a80bc1e7214c4b99bcdad5bb5dab5466620596c368a9ff45d,true
packed_prefetch,100,78,v4c_gpu_vector_78,v4_gpu_correct_salt,23b6e6ad584ee95a80bc1e7214c4b99bcdad5bb5dab5466620596c368a9ff45d,23b6e6ad584ee95a80bc1e7214c4b99bcdad5bb5dab5466620596c368a9ff45d,true
packed_ring,100,79,v4c_gpu_vector_79,v4_gpu_correct_salt,22b8809c6880a47e8a67f00f910923879996795cb66cf7ee9a7e11e109b32964,22b8809c6880a47e8a67f00f910923879996795cb66cf7ee9a7e11e109b32964,true
packed_noring,100,79,v4c_gpu_vector_79,v4_gpu_correct_salt,22b8809c6880a47e8a67f00f910923879996795cb66cf7ee9a7e11e109b32964,22b8809c6880a47e8a67f00f910923879996795cb66cf7ee9a7e11e109b32964,true
packed_prefetch,100,79,v4c_gpu_vector_79,v4_gpu_correct_salt,22b8809c6880a47e8a67f00f910923879996795cb66cf7ee9a7e11e109b32964,22b8809c6880a47e8a67f00f910923879996795cb66cf7ee9a7e11e109b32964,true
packed_ring,100,80,v4c_gpu_vector_80,v4_gpu_correct_salt,36ffb8fc0ae5ddf249feed9e753b3a28f6a42bec8313528eaf1af399bdcdbb42,36ffb8fc0ae5ddf249feed9e753b3a28f6a42bec8313528eaf1af399bdcdbb42,true
packed_noring,100,80,v4c_gpu_vector_80,v4_gpu_correct_salt,36ffb8fc0ae5ddf249feed9e753b3a28f6a42bec8313528eaf1af399bdcdbb42,36ffb8fc0ae5ddf249feed9e753b3a28f6a42bec8313528eaf1af399bdcdbb42,true
packed_prefetch,100,80,v4c_gpu_vector_80,v4_gpu_correct_salt,36ffb8fc0ae5ddf249feed9e753b3a28f6a42bec8313528eaf1af399bdcdbb42,36ffb8fc0ae5ddf249feed9e753b3a28f6a42bec8313528eaf1af399bdcdbb42,true
packed_ring,100,81,v4c_gpu_vector_81,v4_gpu_correct_salt,0ae6039b8a7ae86baf18cbc42f244936d55ceeff1ec4e1573dddb58e6abd60a9,0ae6039b8a7ae86baf18cbc42f244936d55ceeff1ec4e1573dddb58e6abd60a9,true
packed_noring,100,81,v4c_gpu_vector_81,v4_gpu_correct_salt,0ae6039b8a7ae86baf18cbc42f244936d55ceeff1ec4e1573dddb58e6abd60a9,0ae6039b8a7ae86baf18cbc42f244936d55ceeff1ec4e1573dddb58e6abd60a9,true
packed_prefetch,100,81,v4c_gpu_vector_81,v4_gpu_correct_salt,0ae6039b8a7ae86baf18cbc42f244936d55ceeff1ec4e1573dddb58e6abd60a9,0ae6039b8a7ae86baf18cbc42f244936d55ceeff1ec4e1573dddb58e6abd60a9,true
packed_ring,100,82,v4c_gpu_vector_82,v4_gpu_correct_salt,6076775b46f0c185b3a611ec62dee357b0431d36e7d6046aa90f9781ef53b7e3,6076775b46f0c185b3a611ec62dee357b0431d36e7d6046aa90f9781ef53b7e3,true
packed_noring,100,82,v4c_gpu_vector_82,v4_gpu_correct_salt,6076775b46f0c185b3a611ec62dee357b0431d36e7d6046aa90f9781ef53b7e3,6076775b46f0c185b3a611ec62dee357b0431d36e7d6046aa90f9781ef53b7e3,true
packed_prefetch,100,82,v4c_gpu_vector_82,v4_gpu_correct_salt,6076775b46f0c185b3a611ec62dee357b0431d36e7d6046aa90f9781ef53b7e3,6076775b46f0c185b3a611ec62dee357b0431d36e7d6046aa90f9781ef53b7e3,true
packed_ring,100,83,v4c_gpu_vector_83,v4_gpu_correct_salt,ed02cce48249341559ed355c2a155283fd333b0c4a36929a888651ac4a624b02,ed02cce48249341559ed355c2a155283fd333b0c4a36929a888651ac4a624b02,true
packed_noring,100,83,v4c_gpu_vector_83,v4_gpu_correct_salt,ed02cce48249341559ed355c2a155283fd333b0c4a36929a888651ac4a624b02,ed02cce48249341559ed355c2a155283fd333b0c4a36929a888651ac4a624b02,true
packed_prefetch,100,83,v4c_gpu_vector_83,v4_gpu_correct_salt,ed02cce48249341559ed355c2a155283fd333b0c4a36929a888651ac4a624b02,ed02cce48249341559ed355c2a155283fd333b0c4a36929a888651ac4a624b02,true
packed_ring,100,84,v4c_gpu_vector_84,v4_gpu_correct_salt,9be1636a9751eb5312167973a5dfaec0ce8f6fc9839d3ff6d3bd76261f72951c,9be1636a9751eb5312167973a5dfaec0ce8f6fc9839d3ff6d3bd76261f72951c,true
packed_noring,100,84,v4c_gpu_vector_84,v4_gpu_correct_salt,9be1636a9751eb5312167973a5dfaec0ce8f6fc9839d3ff6d3bd76261f72951c,9be1636a9751eb5312167973a5dfaec0ce8f6fc9839d3ff6d3bd76261f72951c,true
packed_prefetch,100,84,v4c_gpu_vector_84,v4_gpu_correct_salt,9be1636a9751eb5312167973a5dfaec0ce8f6fc9839d3ff6d3bd76261f72951c,9be1636a9751eb5312167973a5dfaec0ce8f6fc9839d3ff6d3bd76261f72951c,true
packed_ring,100,85,v4c_gpu_vector_85,v4_gpu_correct_salt,4cfbd73d8827e105627be4a63f254a35441fe57abae559d1d49b15f7df873333,4cfbd73d8827e105627be4a63f254a35441fe57abae559d1d49b15f7df873333,true
packed_noring,100,85,v4c_gpu_vector_85,v4_gpu_correct_salt,4cfbd73d8827e105627be4a63f254a35441fe57abae559d1d49b15f7df873333,4cfbd73d8827e105627be4a63f254a35441fe57abae559d1d49b15f7df873333,true
packed_prefetch,100,85,v4c_gpu_vector_85,v4_gpu_correct_salt,4cfbd73d8827e105627be4a63f254a35441fe57abae559d1d49b15f7df873333,4cfbd73d8827e105627be4a63f254a35441fe57abae559d1d49b15f7df873333,true
packed_ring,100,86,v4c_gpu_vector_86,v4_gpu_correct_salt,845f71b96aa6c0bb45ad144eec59bd300d45d147e3b06b1be2ccb771ca1bb113,845f71b96aa6c0bb45ad144eec59bd300d45d147e3b06b1be2ccb771ca1bb113,true
packed_noring,100,86,v4c_gpu_vector_86,v4_gpu_correct_salt,845f71b96aa6c0bb45ad144eec59bd300d45d147e3b06b1be2ccb771ca1bb113,845f71b96aa6c0bb45ad144eec59bd300d45d147e3b06b1be2ccb771ca1bb113,true
packed_prefetch,100,86,v4c_gpu_vector_86,v4_gpu_correct_salt,845f71b96aa6c0bb45ad144eec59bd300d45d147e3b06b1be2ccb771ca1bb113,845f71b96aa6c0bb45ad144eec59bd300d45d147e3b06b1be2ccb771ca1bb113,true
packed_ring,100,87,v4c_gpu_vector_87,v4_gpu_correct_salt,0bb001d52887d959beed1170bcb7fe3e02e6acadee4975fc52a9c4430dd4e3e2,0bb001d52887d959beed1170bcb7fe3e02e6acadee4975fc52a9c4430dd4e3e2,true
packed_noring,100,87,v4c_gpu_vector_87,v4_gpu_correct_salt,0bb001d52887d959beed1170bcb7fe3e02e6acadee4975fc52a9c4430dd4e3e2,0bb001d52887d959beed1170bcb7fe3e02e6acadee4975fc52a9c4430dd4e3e2,true
packed_prefetch,100,87,v4c_gpu_vector_87,v4_gpu_correct_salt,0bb001d52887d959beed1170bcb7fe3e02e6acadee4975fc52a9c4430dd4e3e2,0bb001d52887d959beed1170bcb7fe3e02e6acadee4975fc52a9c4430dd4e3e2,true
packed_ring,100,88,v4c_gpu_vector_88,v4_gpu_correct_salt,2f9944b3f327ec3733dacdcfb8b1c04ccbd6be79c50fd31a6c2369b1c5a618fb,2f9944b3f327ec3733dacdcfb8b1c04ccbd6be79c50fd31a6c2369b1c5a618fb,true
packed_noring,100,88,v4c_gpu_vector_88,v4_gpu_correct_salt,2f9944b3f327ec3733dacdcfb8b1c04ccbd6be79c50fd31a6c2369b1c5a618fb,2f9944b3f327ec3733dacdcfb8b1c04ccbd6be79c50fd31a6c2369b1c5a618fb,true
packed_prefetch,100,88,v4c_gpu_vector_88,v4_gpu_correct_salt,2f9944b3f327ec3733dacdcfb8b1c04ccbd6be79c50fd31a6c2369b1c5a618fb,2f9944b3f327ec3733dacdcfb8b1c04ccbd6be79c50fd31a6c2369b1c5a618fb,true
packed_ring,100,89,v4c_gpu_vector_89,v4_gpu_correct_salt,8346de750cd86851fc19816a61953163b939ba37adf640dd62203f010f9a53f7,8346de750cd86851fc19816a61953163b939ba37adf640dd62203f010f9a53f7,true
packed_noring,100,89,v4c_gpu_vector_89,v4_gpu_correct_salt,8346de750cd86851fc19816a61953163b939ba37adf640dd62203f010f9a53f7,8346de750cd86851fc19816a61953163b939ba37adf640dd62203f010f9a53f7,true
packed_prefetch,100,89,v4c_gpu_vector_89,v4_gpu_correct_salt,8346de750cd86851fc19816a61953163b939ba37adf640dd62203f010f9a53f7,8346de750cd86851fc19816a61953163b939ba37adf640dd62203f010f9a53f7,true
packed_ring,100,90,v4c_gpu_vector_90,v4_gpu_correct_salt,58ab509392def54ba135d7da6a00f1af5b45a62ab7b25c0cb6e9865dc37ed960,58ab509392def54ba135d7da6a00f1af5b45a62ab7b25c0cb6e9865dc37ed960,true
packed_noring,100,90,v4c_gpu_vector_90,v4_gpu_correct_salt,58ab509392def54ba135d7da6a00f1af5b45a62ab7b25c0cb6e9865dc37ed960,58ab509392def54ba135d7da6a00f1af5b45a62ab7b25c0cb6e9865dc37ed960,true
packed_prefetch,100,90,v4c_gpu_vector_90,v4_gpu_correct_salt,58ab509392def54ba135d7da6a00f1af5b45a62ab7b25c0cb6e9865dc37ed960,58ab509392def54ba135d7da6a00f1af5b45a62ab7b25c0cb6e9865dc37ed960,true
packed_ring,100,91,v4c_gpu_vector_91,v4_gpu_correct_salt,b429766ec5709a179b6dc485252b374975b898e3708d45c40d395c8f7a9f5a65,b429766ec5709a179b6dc485252b374975b898e3708d45c40d395c8f7a9f5a65,true
packed_noring,100,91,v4c_gpu_vector_91,v4_gpu_correct_salt,b429766ec5709a179b6dc485252b374975b898e3708d45c40d395c8f7a9f5a65,b429766ec5709a179b6dc485252b374975b898e3708d45c40d395c8f7a9f5a65,true
packed_prefetch,100,91,v4c_gpu_vector_91,v4_gpu_correct_salt,b429766ec5709a179b6dc485252b374975b898e3708d45c40d395c8f7a9f5a65,b429766ec5709a179b6dc485252b374975b898e3708d45c40d395c8f7a9f5a65,true
packed_ring,100,92,v4c_gpu_vector_92,v4_gpu_correct_salt,1404f079808624cf66d80e747edfd14e661d392d58b09121b821946c46390b43,1404f079808624cf66d80e747edfd14e661d392d58b09121b821946c46390b43,true
packed_noring,100,92,v4c_gpu_vector_92,v4_gpu_correct_salt,1404f079808624cf66d80e747edfd14e661d392d58b09121b821946c46390b43,1404f079808624cf66d80e747edfd14e661d392d58b09121b821946c46390b43,true
packed_prefetch,100,92,v4c_gpu_vector_92,v4_gpu_correct_salt,1404f079808624cf66d80e747edfd14e661d392d58b09121b821946c46390b43,1404f079808624cf66d80e747edfd14e661d392d58b09121b821946c46390b43,true
packed_ring,100,93,v4c_gpu_vector_93,v4_gpu_correct_salt,e01db0414dff7833d29828e083a620f17cd549de1b3e627bcba33acc887205b4,e01db0414dff7833d29828e083a620f17cd549de1b3e627bcba33acc887205b4,true
packed_noring,100,93,v4c_gpu_vector_93,v4_gpu_correct_salt,e01db0414dff7833d29828e083a620f17cd549de1b3e627bcba33acc887205b4,e01db0414dff7833d29828e083a620f17cd549de1b3e627bcba33acc887205b4,true
packed_prefetch,100,93,v4c_gpu_vector_93,v4_gpu_correct_salt,e01db0414dff7833d29828e083a620f17cd549de1b3e627bcba33acc887205b4,e01db0414dff7833d29828e083a620f17cd549de1b3e627bcba33acc887205b4,true
packed_ring,100,94,v4c_gpu_vector_94,v4_gpu_correct_salt,bbc129ea69e554235993d4e6809eaa05b204f81e643ec0b1d51107349cd25581,bbc129ea69e554235993d4e6809eaa05b204f81e643ec0b1d51107349cd25581,true
packed_noring,100,94,v4c_gpu_vector_94,v4_gpu_correct_salt,bbc129ea69e554235993d4e6809eaa05b204f81e643ec0b1d51107349cd25581,bbc129ea69e554235993d4e6809eaa05b204f81e643ec0b1d51107349cd25581,true
packed_prefetch,100,94,v4c_gpu_vector_94,v4_gpu_correct_salt,bbc129ea69e554235993d4e6809eaa05b204f81e643ec0b1d51107349cd25581,bbc129ea69e554235993d4e6809eaa05b204f81e643ec0b1d51107349cd25581,true
packed_ring,100,95,v4c_gpu_vector_95,v4_gpu_correct_salt,c8001980767cb1223fefcb3c90250f397dfd5f38b055ebd07fa818f870a11363,c8001980767cb1223fefcb3c90250f397dfd5f38b055ebd07fa818f870a11363,true
packed_noring,100,95,v4c_gpu_vector_95,v4_gpu_correct_salt,c8001980767cb1223fefcb3c90250f397dfd5f38b055ebd07fa818f870a11363,c8001980767cb1223fefcb3c90250f397dfd5f38b055ebd07fa818f870a11363,true
packed_prefetch,100,95,v4c_gpu_vector_95,v4_gpu_correct_salt,c8001980767cb1223fefcb3c90250f397dfd5f38b055ebd07fa818f870a11363,c8001980767cb1223fefcb3c90250f397dfd5f38b055ebd07fa818f870a11363,true
packed_ring,100,96,v4c_gpu_vector_96,v4_gpu_correct_salt,fb3258376be3c1633a611e6f0e8fd670c248ebde56c1430fd77f24dc916417ca,fb3258376be3c1633a611e6f0e8fd670c248ebde56c1430fd77f24dc916417ca,true
packed_noring,100,96,v4c_gpu_vector_96,v4_gpu_correct_salt,fb3258376be3c1633a611e6f0e8fd670c248ebde56c1430fd77f24dc916417ca,fb3258376be3c1633a611e6f0e8fd670c248ebde56c1430fd77f24dc916417ca,true
packed_prefetch,100,96,v4c_gpu_vector_96,v4_gpu_correct_salt,fb3258376be3c1633a611e6f0e8fd670c248ebde56c1430fd77f24dc916417ca,fb3258376be3c1633a611e6f0e8fd670c248ebde56c1430fd77f24dc916417ca,true
packed_ring,100,97,v4c_gpu_vector_97,v4_gpu_correct_salt,42dde0f8fe3c82c783ee169748f9675e6f382866856cad9d86d8e5912619ee22,42dde0f8fe3c82c783ee169748f9675e6f382866856cad9d86d8e5912619ee22,true
packed_noring,100,97,v4c_gpu_vector_97,v4_gpu_correct_salt,42dde0f8fe3c82c783ee169748f9675e6f382866856cad9d86d8e5912619ee22,42dde0f8fe3c82c783ee169748f9675e6f382866856cad9d86d8e5912619ee22,true
packed_prefetch,100,97,v4c_gpu_vector_97,v4_gpu_correct_salt,42dde0f8fe3c82c783ee169748f9675e6f382866856cad9d86d8e5912619ee22,42dde0f8fe3c82c783ee169748f9675e6f382866856cad9d86d8e5912619ee22,true
packed_ring,100,98,v4c_gpu_vector_98,v4_gpu_correct_salt,ea05d9b16e6b77e864c08bdf20770d04ac94edd300c40a37b33c40de60bc3f15,ea05d9b16e6b77e864c08bdf20770d04ac94edd300c40a37b33c40de60bc3f15,true
packed_noring,100,98,v4c_gpu_vector_98,v4_gpu_correct_salt,ea05d9b16e6b77e864c08bdf20770d04ac94edd300c40a37b33c40de60bc3f15,ea05d9b16e6b77e864c08bdf20770d04ac94edd300c40a37b33c40de60bc3f15,true
packed_prefetch,100,98,v4c_gpu_vector_98,v4_gpu_correct_salt,ea05d9b16e6b77e864c08bdf20770d04ac94edd300c40a37b33c40de60bc3f15,ea05d9b16e6b77e864c08bdf20770d04ac94edd300c40a37b33c40de60bc3f15,true
packed_ring,100,99,v4c_gpu_vector_99,v4_gpu_correct_salt,7acee1c6b905e92a553a260e7a6b9df0847704e075e7c43c6492c3d8ad91b895,7acee1c6b905e92a553a260e7a6b9df0847704e075e7c43c6492c3d8ad91b895,true
packed_noring,100,99,v4c_gpu_vector_99,v4_gpu_correct_salt,7acee1c6b905e92a553a260e7a6b9df0847704e075e7c43c6492c3d8ad91b895,7acee1c6b905e92a553a260e7a6b9df0847704e075e7c43c6492c3d8ad91b895,true
packed_prefetch,100,99,v4c_gpu_vector_99,v4_gpu_correct_salt,7acee1c6b905e92a553a260e7a6b9df0847704e075e7c43c6492c3d8ad91b895,7acee1c6b905e92a553a260e7a6b9df0847704e075e7c43c6492c3d8ad91b895,true
cuda_baseline,10,ALL,v4c_gpu_vector_*,v4_gpu_correct_salt,see_cpu_digests,see_cuda_digests,true
cuda_packed,10,ALL,v4c_gpu_vector_*,v4_gpu_correct_salt,see_cpu_digests,see_cuda_digests,true
cuda_packed_noring,10,ALL,v4c_gpu_vector_*,v4_gpu_correct_salt,see_cpu_digests,see_cuda_digests,true
cuda_packed_persistent,10,ALL,v4c_gpu_vector_*,v4_gpu_correct_salt,see_cpu_digests,see_cuda_digests,true
cuda_baseline,50,ALL,v4c_gpu_vector_*,v4_gpu_correct_salt,see_cpu_digests,see_cuda_digests,true
cuda_packed,50,ALL,v4c_gpu_vector_*,v4_gpu_correct_salt,see_cpu_digests,see_cuda_digests,true
cuda_packed_noring,50,ALL,v4c_gpu_vector_*,v4_gpu_correct_salt,see_cpu_digests,see_cuda_digests,true
cuda_packed_persistent,50,ALL,v4c_gpu_vector_*,v4_gpu_correct_salt,see_cpu_digests,see_cuda_digests,true
cuda_baseline,100,ALL,v4c_gpu_vector_*,v4_gpu_correct_salt,see_cpu_digests,see_cuda_digests,true
cuda_packed,100,ALL,v4c_gpu_vector_*,v4_gpu_correct_salt,see_cpu_digests,see_cuda_digests,true
cuda_packed_noring,100,ALL,v4c_gpu_vector_*,v4_gpu_correct_salt,see_cpu_digests,see_cuda_digests,true
cuda_packed_persistent,100,ALL,v4c_gpu_vector_*,v4_gpu_correct_salt,see_cpu_digests,see_cuda_digests,true
